[Licensing::Module] Trying to connect to existing licensing client channel...
Built from '6000.5/staging' branch; Version is '6000.5.3f1 (c2eb47b3a2a9) revision 12774215'; Using compiler version '194234433'; Build Type 'Release'
[Licensing::IpcConnector] Channel LicenseClient-engch doesn't exist
OS: 'Windows 11  (10.0.26200) Core' Language: 'en' Physical Memory: 7502 MB
BatchMode: 1, IsHumanControllingUs: 0, StartBugReporterOnCrash: 0, Is64bit: 1
System  architecture: x64
Process architecture: x64
Date: 2026-07-18T00:01:12Z
[Licensing::Module] Successfully launched the LicensingClient (PId: 5104)

COMMAND LINE ARGUMENTS:
C:\Program Files\Unity\Hub\Editor\6000.5.3f1\Editor\Unity.exe
-batchmode
-projectPath
C:\Voucher-Management\vouchermanagement\LTW\unity\LTW.UnityClient
-executeMethod
LTW.UnityClient.Editor.VisualReviewCaptureRunner.CaptureMobileImprovementCycle
-ltwCaptureOutputDir
C:\Voucher-Management\vouchermanagement\LTW\docs\screenshot-reviews\mobile-art-button-chrome-polish-pass-09
-ltwCaptureRunId
mobile-art-button-chrome-polish-pass-09
-ltwCapturePhase
after
-ltwCaptureSeed
4
-ltwCapturePackage
GD-Mobile-UI-Board
-ltwCaptureGrayscale
-ltwIntensity
aggressive
-ltwExitAfterCapture
-logFile
C:\Voucher-Management\vouchermanagement\LTW\docs\screenshot-reviews\mobile-art-button-chrome-polish-pass-09\unity-after-capture.log
Successfully changed project path to: C:\Voucher-Management\vouchermanagement\LTW\unity\LTW.UnityClient
C:/Voucher-Management/vouchermanagement/LTW/unity/LTW.UnityClient
[UnityMemory] Configuration Parameters - Can be set up in boot.config
    "memorysetup-temp-allocator-size-gi-baking-worker=262144"
    "memorysetup-temp-allocator-size-gi-baking-worker=262144"
    "memorysetup-temp-allocator-size-gi-baking-worker=262144"
    "memorysetup-temp-allocator-size-gi-baking-worker=262144"
    "memorysetup-temp-allocator-size-gi-baking-worker=262144"
    "memorysetup-temp-allocator-size-nav-mesh-worker=65536"
    "memorysetup-temp-allocator-size-audio-worker=65536"
    "memorysetup-temp-allocator-size-cloud-worker=32768"
    "memorysetup-temp-allocator-size-gfx=262144"
    "memorysetup-temp-allocator-size-preload-manager=33554432"
    "memorysetup-allocator-temp-initial-block-size-main=262144"
    "memorysetup-allocator-temp-initial-block-size-worker=262144"
    "memorysetup-temp-allocator-size-job-worker=262144"
    "memorysetup-temp-allocator-size-background-worker=32768"
    "memorysetup-bucket-allocator-granularity=16"
    "memorysetup-bucket-allocator-bucket-count=8"
    "memorysetup-bucket-allocator-block-size=33554432"
    "memorysetup-bucket-allocator-block-count=8"
    "memorysetup-main-allocator-block-size=16777216"
    "memorysetup-thread-allocator-block-size=16777216"
    "memorysetup-main-allocator-mimalloc-enabled=0"
    "memorysetup-gfx-main-allocator-block-size=16777216"
    "memorysetup-gfx-thread-allocator-block-size=16777216"
    "memorysetup-cache-allocator-block-size=4194304"
    "memorysetup-typetree-allocator-block-size=2097152"
    "memorysetup-profiler-bucket-allocator-granularity=16"
    "memorysetup-profiler-bucket-allocator-bucket-count=8"
    "memorysetup-profiler-bucket-allocator-block-size=33554432"
    "memorysetup-profiler-bucket-allocator-block-count=8"
    "memorysetup-profiler-allocator-block-size=16777216"
    "memorysetup-profiler-editor-allocator-block-size=1048576"
    "memorysetup-temp-allocator-size-main=16777216"
    "memorysetup-job-temp-allocator-block-size=2097152"
    "memorysetup-job-temp-allocator-block-size-background=1048576"
    "memorysetup-job-temp-allocator-reduction-small-platforms=262144"
Logging is directed to a specific file, skipping project log.Player connection [14468]  Target information:

Player connection [14468]  * "[IP] 100.67.115.86 [Port] 55504 [Flags] 2 [Guid] 889331173 [EditorId] 889331173 [Version] 1048832 [Id] WindowsEditor(7,nanc) [Debug] 1 [PackageName] WindowsEditor [ProjectName] Editor" 

Player connection [14468]  * "[IP] 10.0.0.199 [Port] 55504 [Flags] 2 [Guid] 889331173 [EditorId] 889331173 [Version] 1048832 [Id] WindowsEditor(7,nanc) [Debug] 1 [PackageName] WindowsEditor [ProjectName] Editor" 

Player connection [14468] Host joined multi-casting on [225.0.0.222:54997]...
Player connection [14468] Host joined alternative multi-casting on [225.0.0.222:34997]...
Input System module state changed to: Initialized.
[Physics::Module] Initialized fallback backend.
[Physics::Module] Id: 0xdecafbad
[Licensing::IpcConnector] Successfully connected to: "LicenseClient-engch" at "2026-07-18T00:01:13.4646706Z"
[Licensing::Client] Code 10 while verifying Licensing Client signature (process Id: 5104, path: "C:/Program Files/Unity/Hub/Editor/6000.5.3f1/Editor/Data/Resources/Licensing/Client/Unity.Licensing.Client.exe")
[Licensing::Module] LicensingClient has failed validation; ignoring
[Package Manager] Connected to IPC stream "Upm-24196" after 0.4 seconds.
[Licensing::Module] Licensing is not yet initialized.
[Licensing::Client] Handshaking with LicensingClient:
  Version:                 1.18.1+9fbee8e
  Session Id:              07aa6cebec264db2bb1c65ffdc585862
  Correlation Id:          8407ce388c2d871477995c4f95ef55aa
  External correlation Id: 8759152485393643196
  Machine Id:              XUUOHsR/oMOgT2KdiSe0eLiVyck=
[Licensing::Module] Successfully connected to LicensingClient on channel: "LicenseClient-engch" (connect: 0.57s, validation: 0.19s, handshake: 0.06s)
[Licensing::IpcConnector] Successfully connected to: "LicenseClient-engch-notifications" at "2026-07-18T00:01:13.7091382Z"
[Licensing::Module] Connected to LicensingClient (PId: 5104, launch time: 0.01, total connection time: 0.81s)
[Licensing::Module] Error: Access token is unavailable; failed to update
[Licensing::Client] Successfully resolved entitlement details
[Licensing::Module] License group:
  Id: 1375967616012-UnityPersXXXX
  Product: Unity Personal
  Type: Assigned
  Expiration: Unlimited
[Licensing::Client] Successfully updated license, isAsync: True, time: 0.02
[Licensing::Client] Successfully resolved entitlement details
[Licensing::Module] Licensing Background thread has ended after 0.89s
[Licensing::Module] Licensing is initialized (took 0.14s).
[Licensing::Client] Successfully resolved entitlement details
Library Redirect Path: Library/
[Physics::Module] Selected backend.
[Physics::Module] Name: PhysX
[Physics::Module] Id: 0xf2b8ea05
[Physics::Module] SDK Version: 4.1.2
[Physics::Module] Integration Version: 1.0.0
[Physics::Module] Threading Mode: Multi-Threaded
Initialize engine version: 6000.5.3f1 (c2eb47b3a2a9)
[Subsystems] Discovering subsystems at path C:/Program Files/Unity/Hub/Editor/6000.5.3f1/Editor/Data/Resources/UnitySubsystems
[Subsystems] Discovering subsystems at path C:/Voucher-Management/vouchermanagement/LTW/unity/LTW.UnityClient/Assets
GfxDevice: creating device client; kGfxThreadingModeNonThreaded
d3d12: failed to query info queue interface (0x80004002).
Direct3D:
    Version:         Direct3D 12 [level 12.1]
    Renderer:        AMD Radeon(TM) Graphics (ID=0x164c)
    Vendor:          ATI
    VRAM:            3751 MB
    App VRAM Budget: 3821 MB
    Driver:          31.0.21914.8004
    Unified Memory Architecture
Initialize mono
Mono path[0] = 'C:/Program Files/Unity/Hub/Editor/6000.5.3f1/Editor/Data/Managed'
Mono path[1] = 'C:/Program Files/Unity/Hub/Editor/6000.5.3f1/Editor/Data/BCLExtensions/runtime/netstandard2.1'
Mono path[2] = 'C:/Program Files/Unity/Hub/Editor/6000.5.3f1/Editor/Data/MonoBleedingEdge/lib/mono/unityjit-win32'
Mono config path = 'C:/Program Files/Unity/Hub/Editor/6000.5.3f1/Editor/Data/MonoBleedingEdge/etc'
Using monoOptions --debugger-agent=transport=dt_socket,embedding=1,server=y,suspend=n,address=127.0.0.1:56196
CodeReloadManager initialized
ImportWorker Server TCP listen port: 0
AcceleratorClientConnectionCallback - disconnected - :0
Begin MonoManager ReloadAssembly
Registering precompiled unity dll's ...
Register platform support module: C:/Program Files/Unity/Hub/Editor/6000.5.3f1/Editor/Data/PlaybackEngines/WebGLSupport/UnityEditor.WebGL.Extensions.dll
Register platform support module: C:/Program Files/Unity/Hub/Editor/6000.5.3f1/Editor/Data/PlaybackEngines/WindowsStandaloneSupport/UnityEditor.WindowsStandalone.Extensions.dll
Registered in 0.004434 seconds.
Native extension for WindowsStandalone target not found
Native extension for WebGL target not found
Package Manager log level set to [2]
ScheduleIndexationOnStartup MainProcess:False IndexOnStartup:True
Mono: successfully reloaded assembly
- Finished resetting the current domain, in  0.638 seconds
Domain Reload Profiling: 1543ms
	BeginReloadAssembly (266ms)
		CreateAndSetChildDomain (4ms)
	RebuildCommonClasses (7ms)
	RebuildNativeTypeToScriptingClass (30ms)
	initialDomainReloadingComplete (123ms)
	LoadAllAssembliesAndSetupDomain (475ms)
		LoadAssemblies (257ms)
		AnalyzeDomain (348ms)
			TypeCache.Refresh (346ms)
				TypeCache.ScanAssembly (324ms)
	FinalizeReload (642ms)
		SetupLoadedEditorAssemblies (0ms)
			InitializePlatformSupportModulesInManaged (4ms)
			BeforeProcessingInitializeOnLoad (152ms)
			ProcessInitializeOnLoadAttributes (161ms)
			ProcessInitializeOnLoadMethodAttributes (214ms)
[Licensing::Client] Successfully resolved entitlement details
Application.AssetDatabase Initial Refresh Start
[Package Manager] Restoring resolved packages state from cache
[Licensing::Client] Successfully resolved entitlement details
[Package Manager] Registered 8 packages:
  Packages from [https://packages.unity.com]:
    com.unity.nuget.newtonsoft-json@3.2.2 (location: C:\Voucher-Management\vouchermanagement\LTW\unity\LTW.UnityClient\Library\PackageCache\com.unity.nuget.newtonsoft-json@4dfd81071c64)
    com.unity.editorcoroutines@1.1.0 (location: C:\Voucher-Management\vouchermanagement\LTW\unity\LTW.UnityClient\Library\PackageCache\com.unity.editorcoroutines@87a15ed012c2)
  Built-in packages:
    com.unity.modules.audio@1.0.0 (location: C:\Voucher-Management\vouchermanagement\LTW\unity\LTW.UnityClient\Library\PackageCache\com.unity.modules.audio)
    com.unity.test-framework@1.7.0 (location: C:\Voucher-Management\vouchermanagement\LTW\unity\LTW.UnityClient\Library\PackageCache\com.unity.test-framework@1405238725ab)
    com.unity.ext.nunit@2.1.0 (location: C:\Voucher-Management\vouchermanagement\LTW\unity\LTW.UnityClient\Library\PackageCache\com.unity.ext.nunit@44f7d31723bd)
    com.unity.modules.imgui@1.0.0 (location: C:\Voucher-Management\vouchermanagement\LTW\unity\LTW.UnityClient\Library\PackageCache\com.unity.modules.imgui)
    com.unity.modules.jsonserialize@1.0.0 (location: C:\Voucher-Management\vouchermanagement\LTW\unity\LTW.UnityClient\Library\PackageCache\com.unity.modules.jsonserialize)
  Git packages:
    com.gamelovers.mcp-unity@https://github.com/CoderGamester/mcp-unity.git (location: C:\Voucher-Management\vouchermanagement\LTW\unity\LTW.UnityClient\Library\PackageCache\com.gamelovers.mcp-unity@c35f184d7656)
[Subsystems] No new subsystems found in resolved package list.
[Package Manager] Done registering packages in 0.01 seconds
[ScriptCompilation] Requested script compilation because: AssetDatabase observed changes in script compilation related files
Starting: C:\Program Files\Unity\Hub\Editor\6000.5.3f1\Editor\Data\Tools\BuildPipeline\bee_backend.exe --ipc --defer-dag-verification --dagfile="Library/Bee/1900b0aE.dag" --continue-on-failure --profile="Library/Bee/backend1.traceevents" ScriptAssemblies
WorkingDir: C:/Voucher-Management/vouchermanagement/LTW/unity/LTW.UnityClient
DisplayProgressbar: Compiling Scripts
ExitCode: 0 Duration: 1s316ms
[200/203    0s] Csc Library/Bee/artifacts/1900b0aE.dag/Assembly-CSharp-Editor.dll (+2 others)
Assets\Editor\LocalPlaytestBatchRunner.cs(263,76): warning CS8604: Possible null reference argument for parameter 'value' in 'ContentId.ContentId(string value)'.

Assets\Editor\VisualReviewCaptureRunner.cs(1075,72): warning CS0618: 'FindObjectsSortMode' is obsolete: 'FindObjectsSortMode has been deprecated. Use the FindObjectsByType overloads that do not take a FindObjectsSortMode parameter.'

Assets\Editor\VisualReviewCaptureRunner.cs(1075,27): warning CS0618: 'Object.FindObjectsByType<T>(FindObjectsSortMode)' is obsolete: 'FindObjectsByType with FindObjectsSortMode parameter has been deprecated. Use FindObjectsByType<T>() or FindObjectsByType<T>(FindObjectsInactive) instead. InstanceID will be replaced in the future with EntityId and previous sort order cannot be maintained.'
[201/203    0s] CopyFiles Library/ScriptAssemblies/Assembly-CSharp-Editor.pdb
[202/203    0s] CopyFiles Library/ScriptAssemblies/Assembly-CSharp-Editor.dll
*** Tundra build success (1.25 seconds), 3 items updated, 203 evaluated
Assets\Editor\LocalPlaytestBatchRunner.cs(263,76): warning CS8604: Possible null reference argument for parameter 'value' in 'ContentId.ContentId(string value)'.
Assets\Editor\VisualReviewCaptureRunner.cs(1075,72): warning CS0618: 'FindObjectsSortMode' is obsolete: 'FindObjectsSortMode has been deprecated. Use the FindObjectsByType overloads that do not take a FindObjectsSortMode parameter.'
Assets\Editor\VisualReviewCaptureRunner.cs(1075,27): warning CS0618: 'Object.FindObjectsByType<T>(FindObjectsSortMode)' is obsolete: 'FindObjectsByType with FindObjectsSortMode parameter has been deprecated. Use FindObjectsByType<T>() or FindObjectsByType<T>(FindObjectsInactive) instead. InstanceID will be replaced in the future with EntityId and previous sort order cannot be maintained.'
Total cache size 12124940
Total cache size after purge 12124940, took 00:00:00.1193302
AssetDatabase: script compilation time: 2.599817s
Begin MonoManager ReloadAssembly
Native extension for WindowsStandalone target not found
Native extension for WebGL target not found
ScheduleIndexationOnStartup MainProcess:True IndexOnStartup:True
Mono: successfully reloaded assembly
- Finished resetting the current domain, in  0.558 seconds
Domain Reload Profiling: 1259ms
	BeginReloadAssembly (301ms)
		DisableScriptedObjects (34ms)
		CreateAndSetChildDomain (53ms)
	RebuildCommonClasses (11ms)
	RebuildNativeTypeToScriptingClass (24ms)
	initialDomainReloadingComplete (66ms)
	LoadAllAssembliesAndSetupDomain (297ms)
		LoadAssemblies (293ms)
		AnalyzeDomain (42ms)
			TypeCache.Refresh (32ms)
				TypeCache.ScanAssembly (22ms)
			BuildScriptInfoCaches (8ms)
	FinalizeReload (560ms)
		SetupLoadedEditorAssemblies (0ms)
			InitializePlatformSupportModulesInManaged (4ms)
			BeforeProcessingInitializeOnLoad (122ms)
			ProcessInitializeOnLoadAttributes (98ms)
			ProcessInitializeOnLoadMethodAttributes (117ms)
			AfterProcessingInitializeOnLoad (10ms)
		AwakeInstancesAfterBackupRestoration (28ms)
Starting new worker id: 0 with log in C:/Voucher-Management/vouchermanagement/LTW/unity/LTW.UnityClient/Logs/AssetImportWorkerHW0.log

Asset Pipeline Refresh (id=ef1dea35873ed7e43847bd5d075dfad3): Total: 4.245 seconds - Initiated by InitialRefreshV2(ForceSynchronousImport)
	(Values over 0.05ms)
	Summary:
		Imports: total=0 (actual=0, local cache=0, cache server=0)
		Asset DB Process Time: managed=0 ms, native=740 ms
		Asset DB Callback time: managed=113 ms, native=24 ms
		Scripting: domain reloads=1, domain reload time=747 ms, compile time=2603 ms, other=16 ms
		Project Asset Count: scripts=221, non-scripts=462
		Asset File Changes: new=0, changed=1, moved=0, deleted=0
		Scan Filter Count: 0
	InvokePackagesCallback: 14.712ms
	ApplyChangesToAssetFolders: 0.486ms
	Scan: 41.596ms
	Collect global state as custom dependencies: 0.718ms
	OnSourceAssetsModified: 1.012ms
	CategorizeScriptCompilationAssets: 6.041ms
	ProcessAssetsWithTransientArtifactChanges: 9.971ms
	CategorizeAssets: 5.089ms
	CompileScripts: 2602.740ms
	ImportOutOfDateAssets: 588.941ms (564.272ms without children)
		UnloadImportedAssets: 0.120ms
		EnsureUptoDateAssetsAreRegisteredWithGuidPM: 0.151ms
		ImportSchedulerStart: 24.395ms
	PostProcessAllAssets: 117.957ms
		VCAutoAddAssetPostprocess 3.243ms
		PostProcessCallbackCreateDeferredMaterials 0.076ms
		MonoPostProcessAllAssets: 113.035ms
			AssetPostprocessor.OnPostprocessAllAssets 46.810ms
			StyleCatalogPostProcessor.OnPostprocessAllAssets 18.466ms
			WindowAssetPostprocessingWatcher.OnPostprocessAllAssets 9.542ms
			BuilderAssetPostprocessor.OnPostprocessAllAssets 8.252ms
			SyncVS.PostprocessSyncProject 2.690ms
			AssetChangedListener.OnPostprocessAllAssets 2.539ms
			RetainedModeAssetPostprocessor.OnPostprocessAllAssets 1.556ms
			EditModeScopePostprocessor.OnPostprocessAllAssets 1.181ms
			SpeedTree9Postprocessor.OnPostprocessAllAssets 0.983ms
			TextAssetPostProcessor.OnPostprocessAllAssets 0.855ms
			AssetEvents.OnPostprocessAllAssets 0.829ms
			ReferencedClipsPostProcessor.OnPostprocessAllAssets 0.759ms
			ArtifactBrowserPostProcessor.OnPostprocessAllAssets 0.738ms
			AudioMixerPostprocessor.OnPostprocessAllAssets 0.364ms
			TerrainToolbarOverlayPostProcessor.OnPostprocessAllAssets 0.341ms
			SpeedTreePostProcessor.OnPostprocessAllAssets 0.227ms
			AssetDatabaseCallbacks.OnPostprocessAllAssets 0.206ms
			ConfigAssetsTracker.OnPostprocessAllAssets 0.156ms
			ScenarioDriftAssetsTracker.OnPostprocessAllAssets 0.149ms
			RenderPipelineGlobalSettingsPostprocessor.OnPostprocessAllAssets 0.123ms
			AudioContainerPostProcessor.OnPostprocessAllAssets 0.094ms
	PostAssetChangesProfiler: 8.136ms
	UnloadStreamsBegin: 1.832ms
	PersistCurrentRevisions: 0.159ms
	Untracked: 836.288ms

Application.AssetDatabase Initial Refresh End
Launched and connected shader compiler UnityShaderCompiler.exe after 0.02 seconds
Scanning for USB devices : 2.160ms
Initializing Unity extensions:
[MODES] ModeService[none].Initialize
[MODES] ModeService[none].LoadModes
[MODES] Loading mode Default (0) for mode-current-id-LTW.UnityClient
Unloading 3 Unused Serialized files (Serialized files now loaded: 0)
Unloading 500 unused Assets / (0.7 MB). Loaded Objects now: 1144.
Memory consumption went from 198.8 MB to 198.1 MB.
Total: 7.476700 ms (FindLiveObjects: 0.170200 ms CreateObjectMapping: 0.138700 ms MarkObjects: 6.658200 ms  DeleteObjects: 0.499300 ms)

Opening scene 'Assets/Scenes/LocalVerticalSlice.unity'
Unloading 1 Unused Serialized files (Serialized files now loaded: 0)
Loaded scene 'Assets/Scenes/LocalVerticalSlice.unity'
	Deserialize:            0.793 ms
	Integration:            9.121 ms
	Integration of assets:  0.005 ms
	Thread Wait Time:       0.022 ms
	Total Operation Time:   9.941 ms
Unloading 1 unused Assets / (1.0 KB). Loaded Objects now: 1146.
Memory consumption went from 192.9 MB to 192.9 MB.
Total: 6.247600 ms (FindLiveObjects: 0.091600 ms CreateObjectMapping: 0.038300 ms MarkObjects: 6.083700 ms  DeleteObjects: 0.032100 ms)

D3D11 device created for Microsoft Media Foundation video decoding.
[Project] Loading completed in 8.383 seconds
	Project init time: 				7.889 seconds
		Template init time: 		0.000 seconds
		Package Manager init time: 		0.566 seconds
		Asset Database init time: 		0.746 seconds
		Global illumination init time: 	0.004 seconds
		Assemblies load time: 			1.650 seconds
		Unity extensions init time: 	0.002 seconds
		Asset Database refresh time: 	4.246 seconds
	Scene opening time: 			0.183 seconds
##utp:{"type":"ProjectInfo","version":2,"phase":"Immediate","time":1784332881264,"processId":24196,"projectLoad":8.383274,"projectInit":7.8893187,"templateInit":0.0,"packageManagerInit":0.5657172,"assetDatabaseInit":0.7455024,"globalIlluminationInit":0.0035835,"assembliesLoad":1.6502828,"unityExtensionsInit":0.0020382,"assetDatabaseRefresh":4.2455456,"sceneOpening":0.183149}
##utp:{"type":"EditorInfo","version":2,"phase":"Immediate","time":1784332881264,"processId":24196,"editorVersion":"6000.5.3f1 (c2eb47b3a2a9)","branch":"6000.5/staging","buildType":"Release","platform":"Windows"}
Entering Playmode with Reload Domain disabled.
If you experience any issues, please disable "Enter Play Mode Options" in Editor Settings
Loaded scene 'Temp/__Backupscenes/0.backup'
	Deserialize:            0.549 ms
	Integration:            218.033 ms
	Integration of assets:  0.003 ms
	Thread Wait Time:       0.016 ms
	Total Operation Time:   218.602 ms
[Licensing::Client] Successfully resolved entitlement details
Saved visual review capture C:\Voucher-Management\vouchermanagement\LTW\docs\screenshot-reviews\mobile-art-button-chrome-polish-pass-09\mobile-art-button-chrome-polish-pass-09\after\phone-small-portrait\01-default-hud.png
UnityEngine.Debug:ExtractStackTraceNoAlloc (byte*,int,string)
UnityEngine.StackTraceUtility:ExtractStackTrace ()
UnityEngine.DebugLogHandler:Internal_Log (UnityEngine.LogType,UnityEngine.LogOption,string,UnityEngine.Object)
UnityEngine.DebugLogHandler:LogFormat (UnityEngine.LogType,UnityEngine.Object,string,object[])
UnityEngine.Logger:Log (UnityEngine.LogType,object)
UnityEngine.Debug:Log (object)
LTW.UnityClient.Editor.VisualReviewCaptureRunner:WriteImmediateCapture (string,string,System.Nullable`1<int>,System.Nullable`1<int>) (at Assets/Editor/VisualReviewCaptureRunner.cs:1063)
LTW.UnityClient.Editor.VisualReviewCaptureRunner:QueueCapture (string) (at Assets/Editor/VisualReviewCaptureRunner.cs:986)
LTW.UnityClient.Editor.VisualReviewCaptureRunner:Update () (at Assets/Editor/VisualReviewCaptureRunner.cs:273)
UnityEditor.EditorApplication:Internal_CallUpdateFunctions ()

(Filename: Assets/Editor/VisualReviewCaptureRunner.cs Line: 1063)

Saved visual review capture C:\Voucher-Management\vouchermanagement\LTW\docs\screenshot-reviews\mobile-art-button-chrome-polish-pass-09\mobile-art-button-chrome-polish-pass-09\after\phone-standard-portrait\01-default-hud.png
UnityEngine.Debug:ExtractStackTraceNoAlloc (byte*,int,string)
UnityEngine.StackTraceUtility:ExtractStackTrace ()
UnityEngine.DebugLogHandler:Internal_Log (UnityEngine.LogType,UnityEngine.LogOption,string,UnityEngine.Object)
UnityEngine.DebugLogHandler:LogFormat (UnityEngine.LogType,UnityEngine.Object,string,object[])
UnityEngine.Logger:Log (UnityEngine.LogType,object)
UnityEngine.Debug:Log (object)
LTW.UnityClient.Editor.VisualReviewCaptureRunner:WriteImmediateCapture (string,string,System.Nullable`1<int>,System.Nullable`1<int>) (at Assets/Editor/VisualReviewCaptureRunner.cs:1063)
LTW.UnityClient.Editor.VisualReviewCaptureRunner:QueueCapture (string) (at Assets/Editor/VisualReviewCaptureRunner.cs:986)
LTW.UnityClient.Editor.VisualReviewCaptureRunner:Update () (at Assets/Editor/VisualReviewCaptureRunner.cs:273)
UnityEditor.EditorApplication:Internal_CallUpdateFunctions ()

(Filename: Assets/Editor/VisualReviewCaptureRunner.cs Line: 1063)

Saved visual review capture C:\Voucher-Management\vouchermanagement\LTW\docs\screenshot-reviews\mobile-art-button-chrome-polish-pass-09\mobile-art-button-chrome-polish-pass-09\after\phone-tall-portrait\01-default-hud.png
UnityEngine.Debug:ExtractStackTraceNoAlloc (byte*,int,string)
UnityEngine.StackTraceUtility:ExtractStackTrace ()
UnityEngine.DebugLogHandler:Internal_Log (UnityEngine.LogType,UnityEngine.LogOption,string,UnityEngine.Object)
UnityEngine.DebugLogHandler:LogFormat (UnityEngine.LogType,UnityEngine.Object,string,object[])
UnityEngine.Logger:Log (UnityEngine.LogType,object)
UnityEngine.Debug:Log (object)
LTW.UnityClient.Editor.VisualReviewCaptureRunner:WriteImmediateCapture (string,string,System.Nullable`1<int>,System.Nullable`1<int>) (at Assets/Editor/VisualReviewCaptureRunner.cs:1063)
LTW.UnityClient.Editor.VisualReviewCaptureRunner:QueueCapture (string) (at Assets/Editor/VisualReviewCaptureRunner.cs:986)
LTW.UnityClient.Editor.VisualReviewCaptureRunner:Update () (at Assets/Editor/VisualReviewCaptureRunner.cs:273)
UnityEditor.EditorApplication:Internal_CallUpdateFunctions ()

(Filename: Assets/Editor/VisualReviewCaptureRunner.cs Line: 1063)

Worker ready: AssetImportWorkerHW0 0
Saved visual review capture C:\Voucher-Management\vouchermanagement\LTW\docs\screenshot-reviews\mobile-art-button-chrome-polish-pass-09\mobile-art-button-chrome-polish-pass-09\after\phone-safe-area-portrait\01-default-hud.png
UnityEngine.Debug:ExtractStackTraceNoAlloc (byte*,int,string)
UnityEngine.StackTraceUtility:ExtractStackTrace ()
UnityEngine.DebugLogHandler:Internal_Log (UnityEngine.LogType,UnityEngine.LogOption,string,UnityEngine.Object)
UnityEngine.DebugLogHandler:LogFormat (UnityEngine.LogType,UnityEngine.Object,string,object[])
UnityEngine.Logger:Log (UnityEngine.LogType,object)
UnityEngine.Debug:Log (object)
LTW.UnityClient.Editor.VisualReviewCaptureRunner:WriteImmediateCapture (string,string,System.Nullable`1<int>,System.Nullable`1<int>) (at Assets/Editor/VisualReviewCaptureRunner.cs:1063)
LTW.UnityClient.Editor.VisualReviewCaptureRunner:QueueCapture (string) (at Assets/Editor/VisualReviewCaptureRunner.cs:986)
LTW.UnityClient.Editor.VisualReviewCaptureRunner:Update () (at Assets/Editor/VisualReviewCaptureRunner.cs:273)
UnityEditor.EditorApplication:Internal_CallUpdateFunctions ()

(Filename: Assets/Editor/VisualReviewCaptureRunner.cs Line: 1063)

Start Indexing on Editor startup
[Indexing] Starting Initial Indexing for Assets
Created GICache directory at C:/Users/engch/AppData/LocalLow/Unity/Caches/GiCache. Took: 0.029s, timestamps: [8.855 - 8.883]
Saved visual review capture C:\Voucher-Management\vouchermanagement\LTW\docs\screenshot-reviews\mobile-art-button-chrome-polish-pass-09\mobile-art-button-chrome-polish-pass-09\after\phone-small-portrait\02-build-menu-open.png
UnityEngine.Debug:ExtractStackTraceNoAlloc (byte*,int,string)
UnityEngine.StackTraceUtility:ExtractStackTrace ()
UnityEngine.DebugLogHandler:Internal_Log (UnityEngine.LogType,UnityEngine.LogOption,string,UnityEngine.Object)
UnityEngine.DebugLogHandler:LogFormat (UnityEngine.LogType,UnityEngine.Object,string,object[])
UnityEngine.Logger:Log (UnityEngine.LogType,object)
UnityEngine.Debug:Log (object)
LTW.UnityClient.Editor.VisualReviewCaptureRunner:WriteImmediateCapture (string,string,System.Nullable`1<int>,System.Nullable`1<int>) (at Assets/Editor/VisualReviewCaptureRunner.cs:1063)
LTW.UnityClient.Editor.VisualReviewCaptureRunner:QueueCapture (string) (at Assets/Editor/VisualReviewCaptureRunner.cs:986)
LTW.UnityClient.Editor.VisualReviewCaptureRunner:Update () (at Assets/Editor/VisualReviewCaptureRunner.cs:231)
UnityEditor.EditorApplication:Internal_CallUpdateFunctions ()

(Filename: Assets/Editor/VisualReviewCaptureRunner.cs Line: 1063)

Saved visual review capture C:\Voucher-Management\vouchermanagement\LTW\docs\screenshot-reviews\mobile-art-button-chrome-polish-pass-09\mobile-art-button-chrome-polish-pass-09\after\phone-standard-portrait\02-build-menu-open.png
UnityEngine.Debug:ExtractStackTraceNoAlloc (byte*,int,string)
UnityEngine.StackTraceUtility:ExtractStackTrace ()
UnityEngine.DebugLogHandler:Internal_Log (UnityEngine.LogType,UnityEngine.LogOption,string,UnityEngine.Object)
UnityEngine.DebugLogHandler:LogFormat (UnityEngine.LogType,UnityEngine.Object,string,object[])
UnityEngine.Logger:Log (UnityEngine.LogType,object)
UnityEngine.Debug:Log (object)
LTW.UnityClient.Editor.VisualReviewCaptureRunner:WriteImmediateCapture (string,string,System.Nullable`1<int>,System.Nullable`1<int>) (at Assets/Editor/VisualReviewCaptureRunner.cs:1063)
LTW.UnityClient.Editor.VisualReviewCaptureRunner:QueueCapture (string) (at Assets/Editor/VisualReviewCaptureRunner.cs:986)
LTW.UnityClient.Editor.VisualReviewCaptureRunner:Update () (at Assets/Editor/VisualReviewCaptureRunner.cs:231)
UnityEditor.EditorApplication:Internal_CallUpdateFunctions ()

(Filename: Assets/Editor/VisualReviewCaptureRunner.cs Line: 1063)

Saved visual review capture C:\Voucher-Management\vouchermanagement\LTW\docs\screenshot-reviews\mobile-art-button-chrome-polish-pass-09\mobile-art-button-chrome-polish-pass-09\after\phone-tall-portrait\02-build-menu-open.png
UnityEngine.Debug:ExtractStackTraceNoAlloc (byte*,int,string)
UnityEngine.StackTraceUtility:ExtractStackTrace ()
UnityEngine.DebugLogHandler:Internal_Log (UnityEngine.LogType,UnityEngine.LogOption,string,UnityEngine.Object)
UnityEngine.DebugLogHandler:LogFormat (UnityEngine.LogType,UnityEngine.Object,string,object[])
UnityEngine.Logger:Log (UnityEngine.LogType,object)
UnityEngine.Debug:Log (object)
LTW.UnityClient.Editor.VisualReviewCaptureRunner:WriteImmediateCapture (string,string,System.Nullable`1<int>,System.Nullable`1<int>) (at Assets/Editor/VisualReviewCaptureRunner.cs:1063)
LTW.UnityClient.Editor.VisualReviewCaptureRunner:QueueCapture (string) (at Assets/Editor/VisualReviewCaptureRunner.cs:986)
LTW.UnityClient.Editor.VisualReviewCaptureRunner:Update () (at Assets/Editor/VisualReviewCaptureRunner.cs:231)
UnityEditor.EditorApplication:Internal_CallUpdateFunctions ()

(Filename: Assets/Editor/VisualReviewCaptureRunner.cs Line: 1063)

Saved visual review capture C:\Voucher-Management\vouchermanagement\LTW\docs\screenshot-reviews\mobile-art-button-chrome-polish-pass-09\mobile-art-button-chrome-polish-pass-09\after\phone-safe-area-portrait\02-build-menu-open.png
UnityEngine.Debug:ExtractStackTraceNoAlloc (byte*,int,string)
UnityEngine.StackTraceUtility:ExtractStackTrace ()
UnityEngine.DebugLogHandler:Internal_Log (UnityEngine.LogType,UnityEngine.LogOption,string,UnityEngine.Object)
UnityEngine.DebugLogHandler:LogFormat (UnityEngine.LogType,UnityEngine.Object,string,object[])
UnityEngine.Logger:Log (UnityEngine.LogType,object)
UnityEngine.Debug:Log (object)
LTW.UnityClient.Editor.VisualReviewCaptureRunner:WriteImmediateCapture (string,string,System.Nullable`1<int>,System.Nullable`1<int>) (at Assets/Editor/VisualReviewCaptureRunner.cs:1063)
LTW.UnityClient.Editor.VisualReviewCaptureRunner:QueueCapture (string) (at Assets/Editor/VisualReviewCaptureRunner.cs:986)
LTW.UnityClient.Editor.VisualReviewCaptureRunner:Update () (at Assets/Editor/VisualReviewCaptureRunner.cs:231)
UnityEditor.EditorApplication:Internal_CallUpdateFunctions ()

(Filename: Assets/Editor/VisualReviewCaptureRunner.cs Line: 1063)

Saved visual review capture C:\Voucher-Management\vouchermanagement\LTW\docs\screenshot-reviews\mobile-art-button-chrome-polish-pass-09\mobile-art-button-chrome-polish-pass-09\after\phone-small-portrait\03-build-card-selected.png
UnityEngine.Debug:ExtractStackTraceNoAlloc (byte*,int,string)
UnityEngine.StackTraceUtility:ExtractStackTrace ()
UnityEngine.DebugLogHandler:Internal_Log (UnityEngine.LogType,UnityEngine.LogOption,string,UnityEngine.Object)
UnityEngine.DebugLogHandler:LogFormat (UnityEngine.LogType,UnityEngine.Object,string,object[])
UnityEngine.Logger:Log (UnityEngine.LogType,object)
UnityEngine.Debug:Log (object)
LTW.UnityClient.Editor.VisualReviewCaptureRunner:WriteImmediateCapture (string,string,System.Nullable`1<int>,System.Nullable`1<int>) (at Assets/Editor/VisualReviewCaptureRunner.cs:1063)
LTW.UnityClient.Editor.VisualReviewCaptureRunner:QueueCapture (string) (at Assets/Editor/VisualReviewCaptureRunner.cs:986)
LTW.UnityClient.Editor.VisualReviewCaptureRunner:Update () (at Assets/Editor/VisualReviewCaptureRunner.cs:231)
UnityEditor.EditorApplication:Internal_CallUpdateFunctions ()

(Filename: Assets/Editor/VisualReviewCaptureRunner.cs Line: 1063)

Saved visual review capture C:\Voucher-Management\vouchermanagement\LTW\docs\screenshot-reviews\mobile-art-button-chrome-polish-pass-09\mobile-art-button-chrome-polish-pass-09\after\phone-standard-portrait\03-build-card-selected.png
UnityEngine.Debug:ExtractStackTraceNoAlloc (byte*,int,string)
UnityEngine.StackTraceUtility:ExtractStackTrace ()
UnityEngine.DebugLogHandler:Internal_Log (UnityEngine.LogType,UnityEngine.LogOption,string,UnityEngine.Object)
UnityEngine.DebugLogHandler:LogFormat (UnityEngine.LogType,UnityEngine.Object,string,object[])
UnityEngine.Logger:Log (UnityEngine.LogType,object)
UnityEngine.Debug:Log (object)
LTW.UnityClient.Editor.VisualReviewCaptureRunner:WriteImmediateCapture (string,string,System.Nullable`1<int>,System.Nullable`1<int>) (at Assets/Editor/VisualReviewCaptureRunner.cs:1063)
LTW.UnityClient.Editor.VisualReviewCaptureRunner:QueueCapture (string) (at Assets/Editor/VisualReviewCaptureRunner.cs:986)
LTW.UnityClient.Editor.VisualReviewCaptureRunner:Update () (at Assets/Editor/VisualReviewCaptureRunner.cs:231)
UnityEditor.EditorApplication:Internal_CallUpdateFunctions ()

(Filename: Assets/Editor/VisualReviewCaptureRunner.cs Line: 1063)

Saved visual review capture C:\Voucher-Management\vouchermanagement\LTW\docs\screenshot-reviews\mobile-art-button-chrome-polish-pass-09\mobile-art-button-chrome-polish-pass-09\after\phone-tall-portrait\03-build-card-selected.png
UnityEngine.Debug:ExtractStackTraceNoAlloc (byte*,int,string)
UnityEngine.StackTraceUtility:ExtractStackTrace ()
UnityEngine.DebugLogHandler:Internal_Log (UnityEngine.LogType,UnityEngine.LogOption,string,UnityEngine.Object)
UnityEngine.DebugLogHandler:LogFormat (UnityEngine.LogType,UnityEngine.Object,string,object[])
UnityEngine.Logger:Log (UnityEngine.LogType,object)
UnityEngine.Debug:Log (object)
LTW.UnityClient.Editor.VisualReviewCaptureRunner:WriteImmediateCapture (string,string,System.Nullable`1<int>,System.Nullable`1<int>) (at Assets/Editor/VisualReviewCaptureRunner.cs:1063)
LTW.UnityClient.Editor.VisualReviewCaptureRunner:QueueCapture (string) (at Assets/Editor/VisualReviewCaptureRunner.cs:986)
LTW.UnityClient.Editor.VisualReviewCaptureRunner:Update () (at Assets/Editor/VisualReviewCaptureRunner.cs:231)
UnityEditor.EditorApplication:Internal_CallUpdateFunctions ()

(Filename: Assets/Editor/VisualReviewCaptureRunner.cs Line: 1063)

Saved visual review capture C:\Voucher-Management\vouchermanagement\LTW\docs\screenshot-reviews\mobile-art-button-chrome-polish-pass-09\mobile-art-button-chrome-polish-pass-09\after\phone-safe-area-portrait\03-build-card-selected.png
UnityEngine.Debug:ExtractStackTraceNoAlloc (byte*,int,string)
UnityEngine.StackTraceUtility:ExtractStackTrace ()
UnityEngine.DebugLogHandler:Internal_Log (UnityEngine.LogType,UnityEngine.LogOption,string,UnityEngine.Object)
UnityEngine.DebugLogHandler:LogFormat (UnityEngine.LogType,UnityEngine.Object,string,object[])
UnityEngine.Logger:Log (UnityEngine.LogType,object)
UnityEngine.Debug:Log (object)
LTW.UnityClient.Editor.VisualReviewCaptureRunner:WriteImmediateCapture (string,string,System.Nullable`1<int>,System.Nullable`1<int>) (at Assets/Editor/VisualReviewCaptureRunner.cs:1063)
LTW.UnityClient.Editor.VisualReviewCaptureRunner:QueueCapture (string) (at Assets/Editor/VisualReviewCaptureRunner.cs:986)
LTW.UnityClient.Editor.VisualReviewCaptureRunner:Update () (at Assets/Editor/VisualReviewCaptureRunner.cs:231)
UnityEditor.EditorApplication:Internal_CallUpdateFunctions ()

(Filename: Assets/Editor/VisualReviewCaptureRunner.cs Line: 1063)

Saved visual review capture C:\Voucher-Management\vouchermanagement\LTW\docs\screenshot-reviews\mobile-art-button-chrome-polish-pass-09\mobile-art-button-chrome-polish-pass-09\after\phone-small-portrait\04-send-menu-open.png
UnityEngine.Debug:ExtractStackTraceNoAlloc (byte*,int,string)
UnityEngine.StackTraceUtility:ExtractStackTrace ()
UnityEngine.DebugLogHandler:Internal_Log (UnityEngine.LogType,UnityEngine.LogOption,string,UnityEngine.Object)
UnityEngine.DebugLogHandler:LogFormat (UnityEngine.LogType,UnityEngine.Object,string,object[])
UnityEngine.Logger:Log (UnityEngine.LogType,object)
UnityEngine.Debug:Log (object)
LTW.UnityClient.Editor.VisualReviewCaptureRunner:WriteImmediateCapture (string,string,System.Nullable`1<int>,System.Nullable`1<int>) (at Assets/Editor/VisualReviewCaptureRunner.cs:1063)
LTW.UnityClient.Editor.VisualReviewCaptureRunner:QueueCapture (string) (at Assets/Editor/VisualReviewCaptureRunner.cs:986)
LTW.UnityClient.Editor.VisualReviewCaptureRunner:Update () (at Assets/Editor/VisualReviewCaptureRunner.cs:231)
UnityEditor.EditorApplication:Internal_CallUpdateFunctions ()

(Filename: Assets/Editor/VisualReviewCaptureRunner.cs Line: 1063)

Saved visual review capture C:\Voucher-Management\vouchermanagement\LTW\docs\screenshot-reviews\mobile-art-button-chrome-polish-pass-09\mobile-art-button-chrome-polish-pass-09\after\phone-standard-portrait\04-send-menu-open.png
UnityEngine.Debug:ExtractStackTraceNoAlloc (byte*,int,string)
UnityEngine.StackTraceUtility:ExtractStackTrace ()
UnityEngine.DebugLogHandler:Internal_Log (UnityEngine.LogType,UnityEngine.LogOption,string,UnityEngine.Object)
UnityEngine.DebugLogHandler:LogFormat (UnityEngine.LogType,UnityEngine.Object,string,object[])
UnityEngine.Logger:Log (UnityEngine.LogType,object)
UnityEngine.Debug:Log (object)
LTW.UnityClient.Editor.VisualReviewCaptureRunner:WriteImmediateCapture (string,string,System.Nullable`1<int>,System.Nullable`1<int>) (at Assets/Editor/VisualReviewCaptureRunner.cs:1063)
LTW.UnityClient.Editor.VisualReviewCaptureRunner:QueueCapture (string) (at Assets/Editor/VisualReviewCaptureRunner.cs:986)
LTW.UnityClient.Editor.VisualReviewCaptureRunner:Update () (at Assets/Editor/VisualReviewCaptureRunner.cs:231)
UnityEditor.EditorApplication:Internal_CallUpdateFunctions ()

(Filename: Assets/Editor/VisualReviewCaptureRunner.cs Line: 1063)

Saved visual review capture C:\Voucher-Management\vouchermanagement\LTW\docs\screenshot-reviews\mobile-art-button-chrome-polish-pass-09\mobile-art-button-chrome-polish-pass-09\after\phone-tall-portrait\04-send-menu-open.png
UnityEngine.Debug:ExtractStackTraceNoAlloc (byte*,int,string)
UnityEngine.StackTraceUtility:ExtractStackTrace ()
UnityEngine.DebugLogHandler:Internal_Log (UnityEngine.LogType,UnityEngine.LogOption,string,UnityEngine.Object)
UnityEngine.DebugLogHandler:LogFormat (UnityEngine.LogType,UnityEngine.Object,string,object[])
UnityEngine.Logger:Log (UnityEngine.LogType,object)
UnityEngine.Debug:Log (object)
LTW.UnityClient.Editor.VisualReviewCaptureRunner:WriteImmediateCapture (string,string,System.Nullable`1<int>,System.Nullable`1<int>) (at Assets/Editor/VisualReviewCaptureRunner.cs:1063)
LTW.UnityClient.Editor.VisualReviewCaptureRunner:QueueCapture (string) (at Assets/Editor/VisualReviewCaptureRunner.cs:986)
LTW.UnityClient.Editor.VisualReviewCaptureRunner:Update () (at Assets/Editor/VisualReviewCaptureRunner.cs:231)
UnityEditor.EditorApplication:Internal_CallUpdateFunctions ()

(Filename: Assets/Editor/VisualReviewCaptureRunner.cs Line: 1063)

Saved visual review capture C:\Voucher-Management\vouchermanagement\LTW\docs\screenshot-reviews\mobile-art-button-chrome-polish-pass-09\mobile-art-button-chrome-polish-pass-09\after\phone-safe-area-portrait\04-send-menu-open.png
UnityEngine.Debug:ExtractStackTraceNoAlloc (byte*,int,string)
UnityEngine.StackTraceUtility:ExtractStackTrace ()
UnityEngine.DebugLogHandler:Internal_Log (UnityEngine.LogType,UnityEngine.LogOption,string,UnityEngine.Object)
UnityEngine.DebugLogHandler:LogFormat (UnityEngine.LogType,UnityEngine.Object,string,object[])
UnityEngine.Logger:Log (UnityEngine.LogType,object)
UnityEngine.Debug:Log (object)
LTW.UnityClient.Editor.VisualReviewCaptureRunner:WriteImmediateCapture (string,string,System.Nullable`1<int>,System.Nullable`1<int>) (at Assets/Editor/VisualReviewCaptureRunner.cs:1063)
LTW.UnityClient.Editor.VisualReviewCaptureRunner:QueueCapture (string) (at Assets/Editor/VisualReviewCaptureRunner.cs:986)
LTW.UnityClient.Editor.VisualReviewCaptureRunner:Update () (at Assets/Editor/VisualReviewCaptureRunner.cs:231)
UnityEditor.EditorApplication:Internal_CallUpdateFunctions ()

(Filename: Assets/Editor/VisualReviewCaptureRunner.cs Line: 1063)

Saved visual review capture C:\Voucher-Management\vouchermanagement\LTW\docs\screenshot-reviews\mobile-art-button-chrome-polish-pass-09\mobile-art-button-chrome-polish-pass-09\after\phone-small-portrait\05-send-card-disabled.png
UnityEngine.Debug:ExtractStackTraceNoAlloc (byte*,int,string)
UnityEngine.StackTraceUtility:ExtractStackTrace ()
UnityEngine.DebugLogHandler:Internal_Log (UnityEngine.LogType,UnityEngine.LogOption,string,UnityEngine.Object)
UnityEngine.DebugLogHandler:LogFormat (UnityEngine.LogType,UnityEngine.Object,string,object[])
UnityEngine.Logger:Log (UnityEngine.LogType,object)
UnityEngine.Debug:Log (object)
LTW.UnityClient.Editor.VisualReviewCaptureRunner:WriteImmediateCapture (string,string,System.Nullable`1<int>,System.Nullable`1<int>) (at Assets/Editor/VisualReviewCaptureRunner.cs:1063)
LTW.UnityClient.Editor.VisualReviewCaptureRunner:QueueCapture (string) (at Assets/Editor/VisualReviewCaptureRunner.cs:986)
LTW.UnityClient.Editor.VisualReviewCaptureRunner:Update () (at Assets/Editor/VisualReviewCaptureRunner.cs:231)
UnityEditor.EditorApplication:Internal_CallUpdateFunctions ()

(Filename: Assets/Editor/VisualReviewCaptureRunner.cs Line: 1063)

Saved visual review capture C:\Voucher-Management\vouchermanagement\LTW\docs\screenshot-reviews\mobile-art-button-chrome-polish-pass-09\mobile-art-button-chrome-polish-pass-09\after\phone-standard-portrait\05-send-card-disabled.png
UnityEngine.Debug:ExtractStackTraceNoAlloc (byte*,int,string)
UnityEngine.StackTraceUtility:ExtractStackTrace ()
UnityEngine.DebugLogHandler:Internal_Log (UnityEngine.LogType,UnityEngine.LogOption,string,UnityEngine.Object)
UnityEngine.DebugLogHandler:LogFormat (UnityEngine.LogType,UnityEngine.Object,string,object[])
UnityEngine.Logger:Log (UnityEngine.LogType,object)
UnityEngine.Debug:Log (object)
LTW.UnityClient.Editor.VisualReviewCaptureRunner:WriteImmediateCapture (string,string,System.Nullable`1<int>,System.Nullable`1<int>) (at Assets/Editor/VisualReviewCaptureRunner.cs:1063)
LTW.UnityClient.Editor.VisualReviewCaptureRunner:QueueCapture (string) (at Assets/Editor/VisualReviewCaptureRunner.cs:986)
LTW.UnityClient.Editor.VisualReviewCaptureRunner:Update () (at Assets/Editor/VisualReviewCaptureRunner.cs:231)
UnityEditor.EditorApplication:Internal_CallUpdateFunctions ()

(Filename: Assets/Editor/VisualReviewCaptureRunner.cs Line: 1063)

Saved visual review capture C:\Voucher-Management\vouchermanagement\LTW\docs\screenshot-reviews\mobile-art-button-chrome-polish-pass-09\mobile-art-button-chrome-polish-pass-09\after\phone-tall-portrait\05-send-card-disabled.png
UnityEngine.Debug:ExtractStackTraceNoAlloc (byte*,int,string)
UnityEngine.StackTraceUtility:ExtractStackTrace ()
UnityEngine.DebugLogHandler:Internal_Log (UnityEngine.LogType,UnityEngine.LogOption,string,UnityEngine.Object)
UnityEngine.DebugLogHandler:LogFormat (UnityEngine.LogType,UnityEngine.Object,string,object[])
UnityEngine.Logger:Log (UnityEngine.LogType,object)
UnityEngine.Debug:Log (object)
LTW.UnityClient.Editor.VisualReviewCaptureRunner:WriteImmediateCapture (string,string,System.Nullable`1<int>,System.Nullable`1<int>) (at Assets/Editor/VisualReviewCaptureRunner.cs:1063)
LTW.UnityClient.Editor.VisualReviewCaptureRunner:QueueCapture (string) (at Assets/Editor/VisualReviewCaptureRunner.cs:986)
LTW.UnityClient.Editor.VisualReviewCaptureRunner:Update () (at Assets/Editor/VisualReviewCaptureRunner.cs:231)
UnityEditor.EditorApplication:Internal_CallUpdateFunctions ()

(Filename: Assets/Editor/VisualReviewCaptureRunner.cs Line: 1063)

Saved visual review capture C:\Voucher-Management\vouchermanagement\LTW\docs\screenshot-reviews\mobile-art-button-chrome-polish-pass-09\mobile-art-button-chrome-polish-pass-09\after\phone-safe-area-portrait\05-send-card-disabled.png
UnityEngine.Debug:ExtractStackTraceNoAlloc (byte*,int,string)
UnityEngine.StackTraceUtility:ExtractStackTrace ()
UnityEngine.DebugLogHandler:Internal_Log (UnityEngine.LogType,UnityEngine.LogOption,string,UnityEngine.Object)
UnityEngine.DebugLogHandler:LogFormat (UnityEngine.LogType,UnityEngine.Object,string,object[])
UnityEngine.Logger:Log (UnityEngine.LogType,object)
UnityEngine.Debug:Log (object)
LTW.UnityClient.Editor.VisualReviewCaptureRunner:WriteImmediateCapture (string,string,System.Nullable`1<int>,System.Nullable`1<int>) (at Assets/Editor/VisualReviewCaptureRunner.cs:1063)
LTW.UnityClient.Editor.VisualReviewCaptureRunner:QueueCapture (string) (at Assets/Editor/VisualReviewCaptureRunner.cs:986)
LTW.UnityClient.Editor.VisualReviewCaptureRunner:Update () (at Assets/Editor/VisualReviewCaptureRunner.cs:231)
UnityEditor.EditorApplication:Internal_CallUpdateFunctions ()

(Filename: Assets/Editor/VisualReviewCaptureRunner.cs Line: 1063)

Saved visual review capture C:\Voucher-Management\vouchermanagement\LTW\docs\screenshot-reviews\mobile-art-button-chrome-polish-pass-09\mobile-art-button-chrome-polish-pass-09\after\phone-small-portrait\06-lane-selector-open.png
UnityEngine.Debug:ExtractStackTraceNoAlloc (byte*,int,string)
UnityEngine.StackTraceUtility:ExtractStackTrace ()
UnityEngine.DebugLogHandler:Internal_Log (UnityEngine.LogType,UnityEngine.LogOption,string,UnityEngine.Object)
UnityEngine.DebugLogHandler:LogFormat (UnityEngine.LogType,UnityEngine.Object,string,object[])
UnityEngine.Logger:Log (UnityEngine.LogType,object)
UnityEngine.Debug:Log (object)
LTW.UnityClient.Editor.VisualReviewCaptureRunner:WriteImmediateCapture (string,string,System.Nullable`1<int>,System.Nullable`1<int>) (at Assets/Editor/VisualReviewCaptureRunner.cs:1063)
LTW.UnityClient.Editor.VisualReviewCaptureRunner:QueueCapture (string) (at Assets/Editor/VisualReviewCaptureRunner.cs:986)
LTW.UnityClient.Editor.VisualReviewCaptureRunner:Update () (at Assets/Editor/VisualReviewCaptureRunner.cs:231)
UnityEditor.EditorApplication:Internal_CallUpdateFunctions ()

(Filename: Assets/Editor/VisualReviewCaptureRunner.cs Line: 1063)

Saved visual review capture C:\Voucher-Management\vouchermanagement\LTW\docs\screenshot-reviews\mobile-art-button-chrome-polish-pass-09\mobile-art-button-chrome-polish-pass-09\after\phone-standard-portrait\06-lane-selector-open.png
UnityEngine.Debug:ExtractStackTraceNoAlloc (byte*,int,string)
UnityEngine.StackTraceUtility:ExtractStackTrace ()
UnityEngine.DebugLogHandler:Internal_Log (UnityEngine.LogType,UnityEngine.LogOption,string,UnityEngine.Object)
UnityEngine.DebugLogHandler:LogFormat (UnityEngine.LogType,UnityEngine.Object,string,object[])
UnityEngine.Logger:Log (UnityEngine.LogType,object)
UnityEngine.Debug:Log (object)
LTW.UnityClient.Editor.VisualReviewCaptureRunner:WriteImmediateCapture (string,string,System.Nullable`1<int>,System.Nullable`1<int>) (at Assets/Editor/VisualReviewCaptureRunner.cs:1063)
LTW.UnityClient.Editor.VisualReviewCaptureRunner:QueueCapture (string) (at Assets/Editor/VisualReviewCaptureRunner.cs:986)
LTW.UnityClient.Editor.VisualReviewCaptureRunner:Update () (at Assets/Editor/VisualReviewCaptureRunner.cs:231)
UnityEditor.EditorApplication:Internal_CallUpdateFunctions ()

(Filename: Assets/Editor/VisualReviewCaptureRunner.cs Line: 1063)

Saved visual review capture C:\Voucher-Management\vouchermanagement\LTW\docs\screenshot-reviews\mobile-art-button-chrome-polish-pass-09\mobile-art-button-chrome-polish-pass-09\after\phone-tall-portrait\06-lane-selector-open.png
UnityEngine.Debug:ExtractStackTraceNoAlloc (byte*,int,string)
UnityEngine.StackTraceUtility:ExtractStackTrace ()
UnityEngine.DebugLogHandler:Internal_Log (UnityEngine.LogType,UnityEngine.LogOption,string,UnityEngine.Object)
UnityEngine.DebugLogHandler:LogFormat (UnityEngine.LogType,UnityEngine.Object,string,object[])
UnityEngine.Logger:Log (UnityEngine.LogType,object)
UnityEngine.Debug:Log (object)
LTW.UnityClient.Editor.VisualReviewCaptureRunner:WriteImmediateCapture (string,string,System.Nullable`1<int>,System.Nullable`1<int>) (at Assets/Editor/VisualReviewCaptureRunner.cs:1063)
LTW.UnityClient.Editor.VisualReviewCaptureRunner:QueueCapture (string) (at Assets/Editor/VisualReviewCaptureRunner.cs:986)
LTW.UnityClient.Editor.VisualReviewCaptureRunner:Update () (at Assets/Editor/VisualReviewCaptureRunner.cs:231)
UnityEditor.EditorApplication:Internal_CallUpdateFunctions ()

(Filename: Assets/Editor/VisualReviewCaptureRunner.cs Line: 1063)

Saved visual review capture C:\Voucher-Management\vouchermanagement\LTW\docs\screenshot-reviews\mobile-art-button-chrome-polish-pass-09\mobile-art-button-chrome-polish-pass-09\after\phone-safe-area-portrait\06-lane-selector-open.png
UnityEngine.Debug:ExtractStackTraceNoAlloc (byte*,int,string)
UnityEngine.StackTraceUtility:ExtractStackTrace ()
UnityEngine.DebugLogHandler:Internal_Log (UnityEngine.LogType,UnityEngine.LogOption,string,UnityEngine.Object)
UnityEngine.DebugLogHandler:LogFormat (UnityEngine.LogType,UnityEngine.Object,string,object[])
UnityEngine.Logger:Log (UnityEngine.LogType,object)
UnityEngine.Debug:Log (object)
LTW.UnityClient.Editor.VisualReviewCaptureRunner:WriteImmediateCapture (string,string,System.Nullable`1<int>,System.Nullable`1<int>) (at Assets/Editor/VisualReviewCaptureRunner.cs:1063)
LTW.UnityClient.Editor.VisualReviewCaptureRunner:QueueCapture (string) (at Assets/Editor/VisualReviewCaptureRunner.cs:986)
LTW.UnityClient.Editor.VisualReviewCaptureRunner:Update () (at Assets/Editor/VisualReviewCaptureRunner.cs:231)
UnityEditor.EditorApplication:Internal_CallUpdateFunctions ()

(Filename: Assets/Editor/VisualReviewCaptureRunner.cs Line: 1063)

LTW role lineup accepted: reduced effects Arrow tower
UnityEngine.Debug:ExtractStackTraceNoAlloc (byte*,int,string)
UnityEngine.StackTraceUtility:ExtractStackTrace ()
UnityEngine.DebugLogHandler:Internal_Log (UnityEngine.LogType,UnityEngine.LogOption,string,UnityEngine.Object)
UnityEngine.DebugLogHandler:LogFormat (UnityEngine.LogType,UnityEngine.Object,string,object[])
UnityEngine.Logger:Log (UnityEngine.LogType,object)
UnityEngine.Debug:Log (object)
LTW.UnityClient.Editor.VisualReviewCaptureRunner:LogCommandResult (string,LTW.Simulation.Bridge.VerticalSliceCommandResult) (at Assets/Editor/VisualReviewCaptureRunner.cs:948)
LTW.UnityClient.Editor.VisualReviewCaptureRunner:StartCombat (LTW.UnityClient.Simulation.UnitySimulationDriver,LTW.UnityClient.Simulation.UnityCommandAdapter) (at Assets/Editor/VisualReviewCaptureRunner.cs:530)
LTW.UnityClient.Editor.VisualReviewCaptureRunner:Update () (at Assets/Editor/VisualReviewCaptureRunner.cs:311)
UnityEditor.EditorApplication:Internal_CallUpdateFunctions ()

(Filename: Assets/Editor/VisualReviewCaptureRunner.cs Line: 948)

LTW role lineup accepted: reduced effects Control tower
UnityEngine.Debug:ExtractStackTraceNoAlloc (byte*,int,string)
UnityEngine.StackTraceUtility:ExtractStackTrace ()
UnityEngine.DebugLogHandler:Internal_Log (UnityEngine.LogType,UnityEngine.LogOption,string,UnityEngine.Object)
UnityEngine.DebugLogHandler:LogFormat (UnityEngine.LogType,UnityEngine.Object,string,object[])
UnityEngine.Logger:Log (UnityEngine.LogType,object)
UnityEngine.Debug:Log (object)
LTW.UnityClient.Editor.VisualReviewCaptureRunner:LogCommandResult (string,LTW.Simulation.Bridge.VerticalSliceCommandResult) (at Assets/Editor/VisualReviewCaptureRunner.cs:948)
LTW.UnityClient.Editor.VisualReviewCaptureRunner:StartCombat (LTW.UnityClient.Simulation.UnitySimulationDriver,LTW.UnityClient.Simulation.UnityCommandAdapter) (at Assets/Editor/VisualReviewCaptureRunner.cs:531)
LTW.UnityClient.Editor.VisualReviewCaptureRunner:Update () (at Assets/Editor/VisualReviewCaptureRunner.cs:311)
UnityEditor.EditorApplication:Internal_CallUpdateFunctions ()

(Filename: Assets/Editor/VisualReviewCaptureRunner.cs Line: 948)

LTW role lineup accepted: reduced effects Runner pressure
UnityEngine.Debug:ExtractStackTraceNoAlloc (byte*,int,string)
UnityEngine.StackTraceUtility:ExtractStackTrace ()
UnityEngine.DebugLogHandler:Internal_Log (UnityEngine.LogType,UnityEngine.LogOption,string,UnityEngine.Object)
UnityEngine.DebugLogHandler:LogFormat (UnityEngine.LogType,UnityEngine.Object,string,object[])
UnityEngine.Logger:Log (UnityEngine.LogType,object)
UnityEngine.Debug:Log (object)
LTW.UnityClient.Editor.VisualReviewCaptureRunner:LogCommandResult (string,LTW.Simulation.Bridge.VerticalSliceCommandResult) (at Assets/Editor/VisualReviewCaptureRunner.cs:948)
LTW.UnityClient.Editor.VisualReviewCaptureRunner:StartCombat (LTW.UnityClient.Simulation.UnitySimulationDriver,LTW.UnityClient.Simulation.UnityCommandAdapter) (at Assets/Editor/VisualReviewCaptureRunner.cs:532)
LTW.UnityClient.Editor.VisualReviewCaptureRunner:Update () (at Assets/Editor/VisualReviewCaptureRunner.cs:311)
UnityEditor.EditorApplication:Internal_CallUpdateFunctions ()

(Filename: Assets/Editor/VisualReviewCaptureRunner.cs Line: 948)

LTW role lineup accepted: reduced effects Brute pressure
UnityEngine.Debug:ExtractStackTraceNoAlloc (byte*,int,string)
UnityEngine.StackTraceUtility:ExtractStackTrace ()
UnityEngine.DebugLogHandler:Internal_Log (UnityEngine.LogType,UnityEngine.LogOption,string,UnityEngine.Object)
UnityEngine.DebugLogHandler:LogFormat (UnityEngine.LogType,UnityEngine.Object,string,object[])
UnityEngine.Logger:Log (UnityEngine.LogType,object)
UnityEngine.Debug:Log (object)
LTW.UnityClient.Editor.VisualReviewCaptureRunner:LogCommandResult (string,LTW.Simulation.Bridge.VerticalSliceCommandResult) (at Assets/Editor/VisualReviewCaptureRunner.cs:948)
LTW.UnityClient.Editor.VisualReviewCaptureRunner:StartCombat (LTW.UnityClient.Simulation.UnitySimulationDriver,LTW.UnityClient.Simulation.UnityCommandAdapter) (at Assets/Editor/VisualReviewCaptureRunner.cs:533)
LTW.UnityClient.Editor.VisualReviewCaptureRunner:Update () (at Assets/Editor/VisualReviewCaptureRunner.cs:311)
UnityEditor.EditorApplication:Internal_CallUpdateFunctions ()

(Filename: Assets/Editor/VisualReviewCaptureRunner.cs Line: 948)

LTW role lineup accepted: reduced effects Swarm pressure
UnityEngine.Debug:ExtractStackTraceNoAlloc (byte*,int,string)
UnityEngine.StackTraceUtility:ExtractStackTrace ()
UnityEngine.DebugLogHandler:Internal_Log (UnityEngine.LogType,UnityEngine.LogOption,string,UnityEngine.Object)
UnityEngine.DebugLogHandler:LogFormat (UnityEngine.LogType,UnityEngine.Object,string,object[])
UnityEngine.Logger:Log (UnityEngine.LogType,object)
UnityEngine.Debug:Log (object)
LTW.UnityClient.Editor.VisualReviewCaptureRunner:LogCommandResult (string,LTW.Simulation.Bridge.VerticalSliceCommandResult) (at Assets/Editor/VisualReviewCaptureRunner.cs:948)
LTW.UnityClient.Editor.VisualReviewCaptureRunner:StartCombat (LTW.UnityClient.Simulation.UnitySimulationDriver,LTW.UnityClient.Simulation.UnityCommandAdapter) (at Assets/Editor/VisualReviewCaptureRunner.cs:534)
LTW.UnityClient.Editor.VisualReviewCaptureRunner:Update () (at Assets/Editor/VisualReviewCaptureRunner.cs:311)
UnityEditor.EditorApplication:Internal_CallUpdateFunctions ()

(Filename: Assets/Editor/VisualReviewCaptureRunner.cs Line: 948)

Saved visual review capture C:\Voucher-Management\vouchermanagement\LTW\docs\screenshot-reviews\mobile-art-button-chrome-polish-pass-09\mobile-art-button-chrome-polish-pass-09\after\phone-small-portrait\07-active-combat.png
UnityEngine.Debug:ExtractStackTraceNoAlloc (byte*,int,string)
UnityEngine.StackTraceUtility:ExtractStackTrace ()
UnityEngine.DebugLogHandler:Internal_Log (UnityEngine.LogType,UnityEngine.LogOption,string,UnityEngine.Object)
UnityEngine.DebugLogHandler:LogFormat (UnityEngine.LogType,UnityEngine.Object,string,object[])
UnityEngine.Logger:Log (UnityEngine.LogType,object)
UnityEngine.Debug:Log (object)
LTW.UnityClient.Editor.VisualReviewCaptureRunner:WriteImmediateCapture (string,string,System.Nullable`1<int>,System.Nullable`1<int>) (at Assets/Editor/VisualReviewCaptureRunner.cs:1063)
LTW.UnityClient.Editor.VisualReviewCaptureRunner:QueueCapture (string) (at Assets/Editor/VisualReviewCaptureRunner.cs:986)
LTW.UnityClient.Editor.VisualReviewCaptureRunner:Update () (at Assets/Editor/VisualReviewCaptureRunner.cs:231)
UnityEditor.EditorApplication:Internal_CallUpdateFunctions ()

(Filename: Assets/Editor/VisualReviewCaptureRunner.cs Line: 1063)

Saved visual review capture C:\Voucher-Management\vouchermanagement\LTW\docs\screenshot-reviews\mobile-art-button-chrome-polish-pass-09\mobile-art-button-chrome-polish-pass-09\after\phone-standard-portrait\07-active-combat.png
UnityEngine.Debug:ExtractStackTraceNoAlloc (byte*,int,string)
UnityEngine.StackTraceUtility:ExtractStackTrace ()
UnityEngine.DebugLogHandler:Internal_Log (UnityEngine.LogType,UnityEngine.LogOption,string,UnityEngine.Object)
UnityEngine.DebugLogHandler:LogFormat (UnityEngine.LogType,UnityEngine.Object,string,object[])
UnityEngine.Logger:Log (UnityEngine.LogType,object)
UnityEngine.Debug:Log (object)
LTW.UnityClient.Editor.VisualReviewCaptureRunner:WriteImmediateCapture (string,string,System.Nullable`1<int>,System.Nullable`1<int>) (at Assets/Editor/VisualReviewCaptureRunner.cs:1063)
LTW.UnityClient.Editor.VisualReviewCaptureRunner:QueueCapture (string) (at Assets/Editor/VisualReviewCaptureRunner.cs:986)
LTW.UnityClient.Editor.VisualReviewCaptureRunner:Update () (at Assets/Editor/VisualReviewCaptureRunner.cs:231)
UnityEditor.EditorApplication:Internal_CallUpdateFunctions ()

(Filename: Assets/Editor/VisualReviewCaptureRunner.cs Line: 1063)

Saved visual review capture C:\Voucher-Management\vouchermanagement\LTW\docs\screenshot-reviews\mobile-art-button-chrome-polish-pass-09\mobile-art-button-chrome-polish-pass-09\after\phone-tall-portrait\07-active-combat.png
UnityEngine.Debug:ExtractStackTraceNoAlloc (byte*,int,string)
UnityEngine.StackTraceUtility:ExtractStackTrace ()
UnityEngine.DebugLogHandler:Internal_Log (UnityEngine.LogType,UnityEngine.LogOption,string,UnityEngine.Object)
UnityEngine.DebugLogHandler:LogFormat (UnityEngine.LogType,UnityEngine.Object,string,object[])
UnityEngine.Logger:Log (UnityEngine.LogType,object)
UnityEngine.Debug:Log (object)
LTW.UnityClient.Editor.VisualReviewCaptureRunner:WriteImmediateCapture (string,string,System.Nullable`1<int>,System.Nullable`1<int>) (at Assets/Editor/VisualReviewCaptureRunner.cs:1063)
LTW.UnityClient.Editor.VisualReviewCaptureRunner:QueueCapture (string) (at Assets/Editor/VisualReviewCaptureRunner.cs:986)
LTW.UnityClient.Editor.VisualReviewCaptureRunner:Update () (at Assets/Editor/VisualReviewCaptureRunner.cs:231)
UnityEditor.EditorApplication:Internal_CallUpdateFunctions ()

(Filename: Assets/Editor/VisualReviewCaptureRunner.cs Line: 1063)

Saved visual review capture C:\Voucher-Management\vouchermanagement\LTW\docs\screenshot-reviews\mobile-art-button-chrome-polish-pass-09\mobile-art-button-chrome-polish-pass-09\after\phone-safe-area-portrait\07-active-combat.png
UnityEngine.Debug:ExtractStackTraceNoAlloc (byte*,int,string)
UnityEngine.StackTraceUtility:ExtractStackTrace ()
UnityEngine.DebugLogHandler:Internal_Log (UnityEngine.LogType,UnityEngine.LogOption,string,UnityEngine.Object)
UnityEngine.DebugLogHandler:LogFormat (UnityEngine.LogType,UnityEngine.Object,string,object[])
UnityEngine.Logger:Log (UnityEngine.LogType,object)
UnityEngine.Debug:Log (object)
LTW.UnityClient.Editor.VisualReviewCaptureRunner:WriteImmediateCapture (string,string,System.Nullable`1<int>,System.Nullable`1<int>) (at Assets/Editor/VisualReviewCaptureRunner.cs:1063)
LTW.UnityClient.Editor.VisualReviewCaptureRunner:QueueCapture (string) (at Assets/Editor/VisualReviewCaptureRunner.cs:986)
LTW.UnityClient.Editor.VisualReviewCaptureRunner:Update () (at Assets/Editor/VisualReviewCaptureRunner.cs:231)
UnityEditor.EditorApplication:Internal_CallUpdateFunctions ()

(Filename: Assets/Editor/VisualReviewCaptureRunner.cs Line: 1063)

LTW role lineup accepted: canonical runner x10
UnityEngine.Debug:ExtractStackTraceNoAlloc (byte*,int,string)
UnityEngine.StackTraceUtility:ExtractStackTrace ()
UnityEngine.DebugLogHandler:Internal_Log (UnityEngine.LogType,UnityEngine.LogOption,string,UnityEngine.Object)
UnityEngine.DebugLogHandler:LogFormat (UnityEngine.LogType,UnityEngine.Object,string,object[])
UnityEngine.Logger:Log (UnityEngine.LogType,object)
UnityEngine.Debug:Log (object)
LTW.UnityClient.Editor.VisualReviewCaptureRunner:LogCommandResult (string,LTW.Simulation.Bridge.VerticalSliceCommandResult) (at Assets/Editor/VisualReviewCaptureRunner.cs:948)
LTW.UnityClient.Editor.VisualReviewCaptureRunner:Update () (at Assets/Editor/VisualReviewCaptureRunner.cs:319)
UnityEditor.EditorApplication:Internal_CallUpdateFunctions ()

(Filename: Assets/Editor/VisualReviewCaptureRunner.cs Line: 948)

Saved visual review capture C:\Voucher-Management\vouchermanagement\LTW\docs\screenshot-reviews\mobile-art-button-chrome-polish-pass-09\mobile-art-button-chrome-polish-pass-09\after\phone-small-portrait\08-runner-10-pressure.png
UnityEngine.Debug:ExtractStackTraceNoAlloc (byte*,int,string)
UnityEngine.StackTraceUtility:ExtractStackTrace ()
UnityEngine.DebugLogHandler:Internal_Log (UnityEngine.LogType,UnityEngine.LogOption,string,UnityEngine.Object)
UnityEngine.DebugLogHandler:LogFormat (UnityEngine.LogType,UnityEngine.Object,string,object[])
UnityEngine.Logger:Log (UnityEngine.LogType,object)
UnityEngine.Debug:Log (object)
LTW.UnityClient.Editor.VisualReviewCaptureRunner:WriteImmediateCapture (string,string,System.Nullable`1<int>,System.Nullable`1<int>) (at Assets/Editor/VisualReviewCaptureRunner.cs:1063)
LTW.UnityClient.Editor.VisualReviewCaptureRunner:QueueCapture (string) (at Assets/Editor/VisualReviewCaptureRunner.cs:986)
LTW.UnityClient.Editor.VisualReviewCaptureRunner:Update () (at Assets/Editor/VisualReviewCaptureRunner.cs:231)
UnityEditor.EditorApplication:Internal_CallUpdateFunctions ()

(Filename: Assets/Editor/VisualReviewCaptureRunner.cs Line: 1063)

Saved visual review capture C:\Voucher-Management\vouchermanagement\LTW\docs\screenshot-reviews\mobile-art-button-chrome-polish-pass-09\mobile-art-button-chrome-polish-pass-09\after\phone-standard-portrait\08-runner-10-pressure.png
UnityEngine.Debug:ExtractStackTraceNoAlloc (byte*,int,string)
UnityEngine.StackTraceUtility:ExtractStackTrace ()
UnityEngine.DebugLogHandler:Internal_Log (UnityEngine.LogType,UnityEngine.LogOption,string,UnityEngine.Object)
UnityEngine.DebugLogHandler:LogFormat (UnityEngine.LogType,UnityEngine.Object,string,object[])
UnityEngine.Logger:Log (UnityEngine.LogType,object)
UnityEngine.Debug:Log (object)
LTW.UnityClient.Editor.VisualReviewCaptureRunner:WriteImmediateCapture (string,string,System.Nullable`1<int>,System.Nullable`1<int>) (at Assets/Editor/VisualReviewCaptureRunner.cs:1063)
LTW.UnityClient.Editor.VisualReviewCaptureRunner:QueueCapture (string) (at Assets/Editor/VisualReviewCaptureRunner.cs:986)
LTW.UnityClient.Editor.VisualReviewCaptureRunner:Update () (at Assets/Editor/VisualReviewCaptureRunner.cs:231)
UnityEditor.EditorApplication:Internal_CallUpdateFunctions ()

(Filename: Assets/Editor/VisualReviewCaptureRunner.cs Line: 1063)

Saved visual review capture C:\Voucher-Management\vouchermanagement\LTW\docs\screenshot-reviews\mobile-art-button-chrome-polish-pass-09\mobile-art-button-chrome-polish-pass-09\after\phone-tall-portrait\08-runner-10-pressure.png
UnityEngine.Debug:ExtractStackTraceNoAlloc (byte*,int,string)
UnityEngine.StackTraceUtility:ExtractStackTrace ()
UnityEngine.DebugLogHandler:Internal_Log (UnityEngine.LogType,UnityEngine.LogOption,string,UnityEngine.Object)
UnityEngine.DebugLogHandler:LogFormat (UnityEngine.LogType,UnityEngine.Object,string,object[])
UnityEngine.Logger:Log (UnityEngine.LogType,object)
UnityEngine.Debug:Log (object)
LTW.UnityClient.Editor.VisualReviewCaptureRunner:WriteImmediateCapture (string,string,System.Nullable`1<int>,System.Nullable`1<int>) (at Assets/Editor/VisualReviewCaptureRunner.cs:1063)
LTW.UnityClient.Editor.VisualReviewCaptureRunner:QueueCapture (string) (at Assets/Editor/VisualReviewCaptureRunner.cs:986)
LTW.UnityClient.Editor.VisualReviewCaptureRunner:Update () (at Assets/Editor/VisualReviewCaptureRunner.cs:231)
UnityEditor.EditorApplication:Internal_CallUpdateFunctions ()

(Filename: Assets/Editor/VisualReviewCaptureRunner.cs Line: 1063)

Saved visual review capture C:\Voucher-Management\vouchermanagement\LTW\docs\screenshot-reviews\mobile-art-button-chrome-polish-pass-09\mobile-art-button-chrome-polish-pass-09\after\phone-safe-area-portrait\08-runner-10-pressure.png
UnityEngine.Debug:ExtractStackTraceNoAlloc (byte*,int,string)
UnityEngine.StackTraceUtility:ExtractStackTrace ()
UnityEngine.DebugLogHandler:Internal_Log (UnityEngine.LogType,UnityEngine.LogOption,string,UnityEngine.Object)
UnityEngine.DebugLogHandler:LogFormat (UnityEngine.LogType,UnityEngine.Object,string,object[])
UnityEngine.Logger:Log (UnityEngine.LogType,object)
UnityEngine.Debug:Log (object)
LTW.UnityClient.Editor.VisualReviewCaptureRunner:WriteImmediateCapture (string,string,System.Nullable`1<int>,System.Nullable`1<int>) (at Assets/Editor/VisualReviewCaptureRunner.cs:1063)
LTW.UnityClient.Editor.VisualReviewCaptureRunner:QueueCapture (string) (at Assets/Editor/VisualReviewCaptureRunner.cs:986)
LTW.UnityClient.Editor.VisualReviewCaptureRunner:Update () (at Assets/Editor/VisualReviewCaptureRunner.cs:231)
UnityEditor.EditorApplication:Internal_CallUpdateFunctions ()

(Filename: Assets/Editor/VisualReviewCaptureRunner.cs Line: 1063)

LTW role lineup accepted: canonical swarm heavy
UnityEngine.Debug:ExtractStackTraceNoAlloc (byte*,int,string)
UnityEngine.StackTraceUtility:ExtractStackTrace ()
UnityEngine.DebugLogHandler:Internal_Log (UnityEngine.LogType,UnityEngine.LogOption,string,UnityEngine.Object)
UnityEngine.DebugLogHandler:LogFormat (UnityEngine.LogType,UnityEngine.Object,string,object[])
UnityEngine.Logger:Log (UnityEngine.LogType,object)
UnityEngine.Debug:Log (object)
LTW.UnityClient.Editor.VisualReviewCaptureRunner:LogCommandResult (string,LTW.Simulation.Bridge.VerticalSliceCommandResult) (at Assets/Editor/VisualReviewCaptureRunner.cs:948)
LTW.UnityClient.Editor.VisualReviewCaptureRunner:Update () (at Assets/Editor/VisualReviewCaptureRunner.cs:327)
UnityEditor.EditorApplication:Internal_CallUpdateFunctions ()

(Filename: Assets/Editor/VisualReviewCaptureRunner.cs Line: 948)

TrimDiskCacheJob: Current cache size 0mb
Saved visual review capture C:\Voucher-Management\vouchermanagement\LTW\docs\screenshot-reviews\mobile-art-button-chrome-polish-pass-09\mobile-art-button-chrome-polish-pass-09\after\phone-small-portrait\09-swarm-heavy-pressure.png
UnityEngine.Debug:ExtractStackTraceNoAlloc (byte*,int,string)
UnityEngine.StackTraceUtility:ExtractStackTrace ()
UnityEngine.DebugLogHandler:Internal_Log (UnityEngine.LogType,UnityEngine.LogOption,string,UnityEngine.Object)
UnityEngine.DebugLogHandler:LogFormat (UnityEngine.LogType,UnityEngine.Object,string,object[])
UnityEngine.Logger:Log (UnityEngine.LogType,object)
UnityEngine.Debug:Log (object)
LTW.UnityClient.Editor.VisualReviewCaptureRunner:WriteImmediateCapture (string,string,System.Nullable`1<int>,System.Nullable`1<int>) (at Assets/Editor/VisualReviewCaptureRunner.cs:1063)
LTW.UnityClient.Editor.VisualReviewCaptureRunner:QueueCapture (string) (at Assets/Editor/VisualReviewCaptureRunner.cs:986)
LTW.UnityClient.Editor.VisualReviewCaptureRunner:Update () (at Assets/Editor/VisualReviewCaptureRunner.cs:231)
UnityEditor.EditorApplication:Internal_CallUpdateFunctions ()

(Filename: Assets/Editor/VisualReviewCaptureRunner.cs Line: 1063)

Saved visual review capture C:\Voucher-Management\vouchermanagement\LTW\docs\screenshot-reviews\mobile-art-button-chrome-polish-pass-09\mobile-art-button-chrome-polish-pass-09\after\phone-standard-portrait\09-swarm-heavy-pressure.png
UnityEngine.Debug:ExtractStackTraceNoAlloc (byte*,int,string)
UnityEngine.StackTraceUtility:ExtractStackTrace ()
UnityEngine.DebugLogHandler:Internal_Log (UnityEngine.LogType,UnityEngine.LogOption,string,UnityEngine.Object)
UnityEngine.DebugLogHandler:LogFormat (UnityEngine.LogType,UnityEngine.Object,string,object[])
UnityEngine.Logger:Log (UnityEngine.LogType,object)
UnityEngine.Debug:Log (object)
LTW.UnityClient.Editor.VisualReviewCaptureRunner:WriteImmediateCapture (string,string,System.Nullable`1<int>,System.Nullable`1<int>) (at Assets/Editor/VisualReviewCaptureRunner.cs:1063)
LTW.UnityClient.Editor.VisualReviewCaptureRunner:QueueCapture (string) (at Assets/Editor/VisualReviewCaptureRunner.cs:986)
LTW.UnityClient.Editor.VisualReviewCaptureRunner:Update () (at Assets/Editor/VisualReviewCaptureRunner.cs:231)
UnityEditor.EditorApplication:Internal_CallUpdateFunctions ()

(Filename: Assets/Editor/VisualReviewCaptureRunner.cs Line: 1063)

Saved visual review capture C:\Voucher-Management\vouchermanagement\LTW\docs\screenshot-reviews\mobile-art-button-chrome-polish-pass-09\mobile-art-button-chrome-polish-pass-09\after\phone-tall-portrait\09-swarm-heavy-pressure.png
UnityEngine.Debug:ExtractStackTraceNoAlloc (byte*,int,string)
UnityEngine.StackTraceUtility:ExtractStackTrace ()
UnityEngine.DebugLogHandler:Internal_Log (UnityEngine.LogType,UnityEngine.LogOption,string,UnityEngine.Object)
UnityEngine.DebugLogHandler:LogFormat (UnityEngine.LogType,UnityEngine.Object,string,object[])
UnityEngine.Logger:Log (UnityEngine.LogType,object)
UnityEngine.Debug:Log (object)
LTW.UnityClient.Editor.VisualReviewCaptureRunner:WriteImmediateCapture (string,string,System.Nullable`1<int>,System.Nullable`1<int>) (at Assets/Editor/VisualReviewCaptureRunner.cs:1063)
LTW.UnityClient.Editor.VisualReviewCaptureRunner:QueueCapture (string) (at Assets/Editor/VisualReviewCaptureRunner.cs:986)
LTW.UnityClient.Editor.VisualReviewCaptureRunner:Update () (at Assets/Editor/VisualReviewCaptureRunner.cs:231)
UnityEditor.EditorApplication:Internal_CallUpdateFunctions ()

(Filename: Assets/Editor/VisualReviewCaptureRunner.cs Line: 1063)

Saved visual review capture C:\Voucher-Management\vouchermanagement\LTW\docs\screenshot-reviews\mobile-art-button-chrome-polish-pass-09\mobile-art-button-chrome-polish-pass-09\after\phone-safe-area-portrait\09-swarm-heavy-pressure.png
UnityEngine.Debug:ExtractStackTraceNoAlloc (byte*,int,string)
UnityEngine.StackTraceUtility:ExtractStackTrace ()
UnityEngine.DebugLogHandler:Internal_Log (UnityEngine.LogType,UnityEngine.LogOption,string,UnityEngine.Object)
UnityEngine.DebugLogHandler:LogFormat (UnityEngine.LogType,UnityEngine.Object,string,object[])
UnityEngine.Logger:Log (UnityEngine.LogType,object)
UnityEngine.Debug:Log (object)
LTW.UnityClient.Editor.VisualReviewCaptureRunner:WriteImmediateCapture (string,string,System.Nullable`1<int>,System.Nullable`1<int>) (at Assets/Editor/VisualReviewCaptureRunner.cs:1063)
LTW.UnityClient.Editor.VisualReviewCaptureRunner:QueueCapture (string) (at Assets/Editor/VisualReviewCaptureRunner.cs:986)
LTW.UnityClient.Editor.VisualReviewCaptureRunner:Update () (at Assets/Editor/VisualReviewCaptureRunner.cs:231)
UnityEditor.EditorApplication:Internal_CallUpdateFunctions ()

(Filename: Assets/Editor/VisualReviewCaptureRunner.cs Line: 1063)

Saved visual review capture C:\Voucher-Management\vouchermanagement\LTW\docs\screenshot-reviews\mobile-art-button-chrome-polish-pass-09\mobile-art-button-chrome-polish-pass-09\after\phone-small-portrait\10-heavy-pressure.png
UnityEngine.Debug:ExtractStackTraceNoAlloc (byte*,int,string)
UnityEngine.StackTraceUtility:ExtractStackTrace ()
UnityEngine.DebugLogHandler:Internal_Log (UnityEngine.LogType,UnityEngine.LogOption,string,UnityEngine.Object)
UnityEngine.DebugLogHandler:LogFormat (UnityEngine.LogType,UnityEngine.Object,string,object[])
UnityEngine.Logger:Log (UnityEngine.LogType,object)
UnityEngine.Debug:Log (object)
LTW.UnityClient.Editor.VisualReviewCaptureRunner:WriteImmediateCapture (string,string,System.Nullable`1<int>,System.Nullable`1<int>) (at Assets/Editor/VisualReviewCaptureRunner.cs:1063)
LTW.UnityClient.Editor.VisualReviewCaptureRunner:QueueCapture (string) (at Assets/Editor/VisualReviewCaptureRunner.cs:986)
LTW.UnityClient.Editor.VisualReviewCaptureRunner:Update () (at Assets/Editor/VisualReviewCaptureRunner.cs:231)
UnityEditor.EditorApplication:Internal_CallUpdateFunctions ()

(Filename: Assets/Editor/VisualReviewCaptureRunner.cs Line: 1063)

Saved visual review capture C:\Voucher-Management\vouchermanagement\LTW\docs\screenshot-reviews\mobile-art-button-chrome-polish-pass-09\mobile-art-button-chrome-polish-pass-09\after\phone-standard-portrait\10-heavy-pressure.png
UnityEngine.Debug:ExtractStackTraceNoAlloc (byte*,int,string)
UnityEngine.StackTraceUtility:ExtractStackTrace ()
UnityEngine.DebugLogHandler:Internal_Log (UnityEngine.LogType,UnityEngine.LogOption,string,UnityEngine.Object)
UnityEngine.DebugLogHandler:LogFormat (UnityEngine.LogType,UnityEngine.Object,string,object[])
UnityEngine.Logger:Log (UnityEngine.LogType,object)
UnityEngine.Debug:Log (object)
LTW.UnityClient.Editor.VisualReviewCaptureRunner:WriteImmediateCapture (string,string,System.Nullable`1<int>,System.Nullable`1<int>) (at Assets/Editor/VisualReviewCaptureRunner.cs:1063)
LTW.UnityClient.Editor.VisualReviewCaptureRunner:QueueCapture (string) (at Assets/Editor/VisualReviewCaptureRunner.cs:986)
LTW.UnityClient.Editor.VisualReviewCaptureRunner:Update () (at Assets/Editor/VisualReviewCaptureRunner.cs:231)
UnityEditor.EditorApplication:Internal_CallUpdateFunctions ()

(Filename: Assets/Editor/VisualReviewCaptureRunner.cs Line: 1063)

Saved visual review capture C:\Voucher-Management\vouchermanagement\LTW\docs\screenshot-reviews\mobile-art-button-chrome-polish-pass-09\mobile-art-button-chrome-polish-pass-09\after\phone-tall-portrait\10-heavy-pressure.png
UnityEngine.Debug:ExtractStackTraceNoAlloc (byte*,int,string)
UnityEngine.StackTraceUtility:ExtractStackTrace ()
UnityEngine.DebugLogHandler:Internal_Log (UnityEngine.LogType,UnityEngine.LogOption,string,UnityEngine.Object)
UnityEngine.DebugLogHandler:LogFormat (UnityEngine.LogType,UnityEngine.Object,string,object[])
UnityEngine.Logger:Log (UnityEngine.LogType,object)
UnityEngine.Debug:Log (object)
LTW.UnityClient.Editor.VisualReviewCaptureRunner:WriteImmediateCapture (string,string,System.Nullable`1<int>,System.Nullable`1<int>) (at Assets/Editor/VisualReviewCaptureRunner.cs:1063)
LTW.UnityClient.Editor.VisualReviewCaptureRunner:QueueCapture (string) (at Assets/Editor/VisualReviewCaptureRunner.cs:986)
LTW.UnityClient.Editor.VisualReviewCaptureRunner:Update () (at Assets/Editor/VisualReviewCaptureRunner.cs:231)
UnityEditor.EditorApplication:Internal_CallUpdateFunctions ()

(Filename: Assets/Editor/VisualReviewCaptureRunner.cs Line: 1063)

Saved visual review capture C:\Voucher-Management\vouchermanagement\LTW\docs\screenshot-reviews\mobile-art-button-chrome-polish-pass-09\mobile-art-button-chrome-polish-pass-09\after\phone-safe-area-portrait\10-heavy-pressure.png
UnityEngine.Debug:ExtractStackTraceNoAlloc (byte*,int,string)
UnityEngine.StackTraceUtility:ExtractStackTrace ()
UnityEngine.DebugLogHandler:Internal_Log (UnityEngine.LogType,UnityEngine.LogOption,string,UnityEngine.Object)
UnityEngine.DebugLogHandler:LogFormat (UnityEngine.LogType,UnityEngine.Object,string,object[])
UnityEngine.Logger:Log (UnityEngine.LogType,object)
UnityEngine.Debug:Log (object)
LTW.UnityClient.Editor.VisualReviewCaptureRunner:WriteImmediateCapture (string,string,System.Nullable`1<int>,System.Nullable`1<int>) (at Assets/Editor/VisualReviewCaptureRunner.cs:1063)
LTW.UnityClient.Editor.VisualReviewCaptureRunner:QueueCapture (string) (at Assets/Editor/VisualReviewCaptureRunner.cs:986)
LTW.UnityClient.Editor.VisualReviewCaptureRunner:Update () (at Assets/Editor/VisualReviewCaptureRunner.cs:231)
UnityEditor.EditorApplication:Internal_CallUpdateFunctions ()

(Filename: Assets/Editor/VisualReviewCaptureRunner.cs Line: 1063)

Saved visual review capture C:\Voucher-Management\vouchermanagement\LTW\docs\screenshot-reviews\mobile-art-button-chrome-polish-pass-09\mobile-art-button-chrome-polish-pass-09\after\phone-small-portrait\11-reduced-effects-heavy.png
UnityEngine.Debug:ExtractStackTraceNoAlloc (byte*,int,string)
UnityEngine.StackTraceUtility:ExtractStackTrace ()
UnityEngine.DebugLogHandler:Internal_Log (UnityEngine.LogType,UnityEngine.LogOption,string,UnityEngine.Object)
UnityEngine.DebugLogHandler:LogFormat (UnityEngine.LogType,UnityEngine.Object,string,object[])
UnityEngine.Logger:Log (UnityEngine.LogType,object)
UnityEngine.Debug:Log (object)
LTW.UnityClient.Editor.VisualReviewCaptureRunner:WriteImmediateCapture (string,string,System.Nullable`1<int>,System.Nullable`1<int>) (at Assets/Editor/VisualReviewCaptureRunner.cs:1063)
LTW.UnityClient.Editor.VisualReviewCaptureRunner:QueueCapture (string) (at Assets/Editor/VisualReviewCaptureRunner.cs:986)
LTW.UnityClient.Editor.VisualReviewCaptureRunner:Update () (at Assets/Editor/VisualReviewCaptureRunner.cs:231)
UnityEditor.EditorApplication:Internal_CallUpdateFunctions ()

(Filename: Assets/Editor/VisualReviewCaptureRunner.cs Line: 1063)

Saved visual review capture C:\Voucher-Management\vouchermanagement\LTW\docs\screenshot-reviews\mobile-art-button-chrome-polish-pass-09\mobile-art-button-chrome-polish-pass-09\after\phone-standard-portrait\11-reduced-effects-heavy.png
UnityEngine.Debug:ExtractStackTraceNoAlloc (byte*,int,string)
UnityEngine.StackTraceUtility:ExtractStackTrace ()
UnityEngine.DebugLogHandler:Internal_Log (UnityEngine.LogType,UnityEngine.LogOption,string,UnityEngine.Object)
UnityEngine.DebugLogHandler:LogFormat (UnityEngine.LogType,UnityEngine.Object,string,object[])
UnityEngine.Logger:Log (UnityEngine.LogType,object)
UnityEngine.Debug:Log (object)
LTW.UnityClient.Editor.VisualReviewCaptureRunner:WriteImmediateCapture (string,string,System.Nullable`1<int>,System.Nullable`1<int>) (at Assets/Editor/VisualReviewCaptureRunner.cs:1063)
LTW.UnityClient.Editor.VisualReviewCaptureRunner:QueueCapture (string) (at Assets/Editor/VisualReviewCaptureRunner.cs:986)
LTW.UnityClient.Editor.VisualReviewCaptureRunner:Update () (at Assets/Editor/VisualReviewCaptureRunner.cs:231)
UnityEditor.EditorApplication:Internal_CallUpdateFunctions ()

(Filename: Assets/Editor/VisualReviewCaptureRunner.cs Line: 1063)

Saved visual review capture C:\Voucher-Management\vouchermanagement\LTW\docs\screenshot-reviews\mobile-art-button-chrome-polish-pass-09\mobile-art-button-chrome-polish-pass-09\after\phone-tall-portrait\11-reduced-effects-heavy.png
UnityEngine.Debug:ExtractStackTraceNoAlloc (byte*,int,string)
UnityEngine.StackTraceUtility:ExtractStackTrace ()
UnityEngine.DebugLogHandler:Internal_Log (UnityEngine.LogType,UnityEngine.LogOption,string,UnityEngine.Object)
UnityEngine.DebugLogHandler:LogFormat (UnityEngine.LogType,UnityEngine.Object,string,object[])
UnityEngine.Logger:Log (UnityEngine.LogType,object)
UnityEngine.Debug:Log (object)
LTW.UnityClient.Editor.VisualReviewCaptureRunner:WriteImmediateCapture (string,string,System.Nullable`1<int>,System.Nullable`1<int>) (at Assets/Editor/VisualReviewCaptureRunner.cs:1063)
LTW.UnityClient.Editor.VisualReviewCaptureRunner:QueueCapture (string) (at Assets/Editor/VisualReviewCaptureRunner.cs:986)
LTW.UnityClient.Editor.VisualReviewCaptureRunner:Update () (at Assets/Editor/VisualReviewCaptureRunner.cs:231)
UnityEditor.EditorApplication:Internal_CallUpdateFunctions ()

(Filename: Assets/Editor/VisualReviewCaptureRunner.cs Line: 1063)

Saved visual review capture C:\Voucher-Management\vouchermanagement\LTW\docs\screenshot-reviews\mobile-art-button-chrome-polish-pass-09\mobile-art-button-chrome-polish-pass-09\after\phone-safe-area-portrait\11-reduced-effects-heavy.png
UnityEngine.Debug:ExtractStackTraceNoAlloc (byte*,int,string)
UnityEngine.StackTraceUtility:ExtractStackTrace ()
UnityEngine.DebugLogHandler:Internal_Log (UnityEngine.LogType,UnityEngine.LogOption,string,UnityEngine.Object)
UnityEngine.DebugLogHandler:LogFormat (UnityEngine.LogType,UnityEngine.Object,string,object[])
UnityEngine.Logger:Log (UnityEngine.LogType,object)
UnityEngine.Debug:Log (object)
LTW.UnityClient.Editor.VisualReviewCaptureRunner:WriteImmediateCapture (string,string,System.Nullable`1<int>,System.Nullable`1<int>) (at Assets/Editor/VisualReviewCaptureRunner.cs:1063)
LTW.UnityClient.Editor.VisualReviewCaptureRunner:QueueCapture (string) (at Assets/Editor/VisualReviewCaptureRunner.cs:986)
LTW.UnityClient.Editor.VisualReviewCaptureRunner:Update () (at Assets/Editor/VisualReviewCaptureRunner.cs:231)
UnityEditor.EditorApplication:Internal_CallUpdateFunctions ()

(Filename: Assets/Editor/VisualReviewCaptureRunner.cs Line: 1063)

LTW camera framing -> BoardOverview
UnityEngine.Debug:ExtractStackTraceNoAlloc (byte*,int,string)
UnityEngine.StackTraceUtility:ExtractStackTrace ()
UnityEngine.DebugLogHandler:Internal_Log (UnityEngine.LogType,UnityEngine.LogOption,string,UnityEngine.Object)
UnityEngine.DebugLogHandler:LogFormat (UnityEngine.LogType,UnityEngine.Object,string,object[])
UnityEngine.Logger:Log (UnityEngine.LogType,object)
UnityEngine.Debug:Log (object)
LTW.UnityClient.Simulation.UnityVerticalSliceRenderer:SetCameraFraming (LTW.UnityClient.Simulation.LaneCameraFraming) (at Assets/Scripts/Simulation/UnityVerticalSliceRenderer.cs:153)
LTW.UnityClient.Editor.VisualReviewCaptureRunner:SetRendererFraming (LTW.UnityClient.Simulation.LaneCameraFraming) (at Assets/Editor/VisualReviewCaptureRunner.cs:1780)
LTW.UnityClient.Editor.VisualReviewCaptureRunner:Update () (at Assets/Editor/VisualReviewCaptureRunner.cs:346)
UnityEditor.EditorApplication:Internal_CallUpdateFunctions ()

(Filename: Assets/Scripts/Simulation/UnityVerticalSliceRenderer.cs Line: 153)

Saved visual review capture C:\Voucher-Management\vouchermanagement\LTW\docs\screenshot-reviews\mobile-art-button-chrome-polish-pass-09\mobile-art-button-chrome-polish-pass-09\after\phone-small-portrait\12-board-overview.png
UnityEngine.Debug:ExtractStackTraceNoAlloc (byte*,int,string)
UnityEngine.StackTraceUtility:ExtractStackTrace ()
UnityEngine.DebugLogHandler:Internal_Log (UnityEngine.LogType,UnityEngine.LogOption,string,UnityEngine.Object)
UnityEngine.DebugLogHandler:LogFormat (UnityEngine.LogType,UnityEngine.Object,string,object[])
UnityEngine.Logger:Log (UnityEngine.LogType,object)
UnityEngine.Debug:Log (object)
LTW.UnityClient.Editor.VisualReviewCaptureRunner:WriteImmediateCapture (string,string,System.Nullable`1<int>,System.Nullable`1<int>) (at Assets/Editor/VisualReviewCaptureRunner.cs:1063)
LTW.UnityClient.Editor.VisualReviewCaptureRunner:QueueCapture (string) (at Assets/Editor/VisualReviewCaptureRunner.cs:986)
LTW.UnityClient.Editor.VisualReviewCaptureRunner:Update () (at Assets/Editor/VisualReviewCaptureRunner.cs:231)
UnityEditor.EditorApplication:Internal_CallUpdateFunctions ()

(Filename: Assets/Editor/VisualReviewCaptureRunner.cs Line: 1063)

Saved visual review capture C:\Voucher-Management\vouchermanagement\LTW\docs\screenshot-reviews\mobile-art-button-chrome-polish-pass-09\mobile-art-button-chrome-polish-pass-09\after\phone-standard-portrait\12-board-overview.png
UnityEngine.Debug:ExtractStackTraceNoAlloc (byte*,int,string)
UnityEngine.StackTraceUtility:ExtractStackTrace ()
UnityEngine.DebugLogHandler:Internal_Log (UnityEngine.LogType,UnityEngine.LogOption,string,UnityEngine.Object)
UnityEngine.DebugLogHandler:LogFormat (UnityEngine.LogType,UnityEngine.Object,string,object[])
UnityEngine.Logger:Log (UnityEngine.LogType,object)
UnityEngine.Debug:Log (object)
LTW.UnityClient.Editor.VisualReviewCaptureRunner:WriteImmediateCapture (string,string,System.Nullable`1<int>,System.Nullable`1<int>) (at Assets/Editor/VisualReviewCaptureRunner.cs:1063)
LTW.UnityClient.Editor.VisualReviewCaptureRunner:QueueCapture (string) (at Assets/Editor/VisualReviewCaptureRunner.cs:986)
LTW.UnityClient.Editor.VisualReviewCaptureRunner:Update () (at Assets/Editor/VisualReviewCaptureRunner.cs:231)
UnityEditor.EditorApplication:Internal_CallUpdateFunctions ()

(Filename: Assets/Editor/VisualReviewCaptureRunner.cs Line: 1063)

Saved visual review capture C:\Voucher-Management\vouchermanagement\LTW\docs\screenshot-reviews\mobile-art-button-chrome-polish-pass-09\mobile-art-button-chrome-polish-pass-09\after\phone-tall-portrait\12-board-overview.png
UnityEngine.Debug:ExtractStackTraceNoAlloc (byte*,int,string)
UnityEngine.StackTraceUtility:ExtractStackTrace ()
UnityEngine.DebugLogHandler:Internal_Log (UnityEngine.LogType,UnityEngine.LogOption,string,UnityEngine.Object)
UnityEngine.DebugLogHandler:LogFormat (UnityEngine.LogType,UnityEngine.Object,string,object[])
UnityEngine.Logger:Log (UnityEngine.LogType,object)
UnityEngine.Debug:Log (object)
LTW.UnityClient.Editor.VisualReviewCaptureRunner:WriteImmediateCapture (string,string,System.Nullable`1<int>,System.Nullable`1<int>) (at Assets/Editor/VisualReviewCaptureRunner.cs:1063)
LTW.UnityClient.Editor.VisualReviewCaptureRunner:QueueCapture (string) (at Assets/Editor/VisualReviewCaptureRunner.cs:986)
LTW.UnityClient.Editor.VisualReviewCaptureRunner:Update () (at Assets/Editor/VisualReviewCaptureRunner.cs:231)
UnityEditor.EditorApplication:Internal_CallUpdateFunctions ()

(Filename: Assets/Editor/VisualReviewCaptureRunner.cs Line: 1063)

Saved visual review capture C:\Voucher-Management\vouchermanagement\LTW\docs\screenshot-reviews\mobile-art-button-chrome-polish-pass-09\mobile-art-button-chrome-polish-pass-09\after\phone-safe-area-portrait\12-board-overview.png
UnityEngine.Debug:ExtractStackTraceNoAlloc (byte*,int,string)
UnityEngine.StackTraceUtility:ExtractStackTrace ()
UnityEngine.DebugLogHandler:Internal_Log (UnityEngine.LogType,UnityEngine.LogOption,string,UnityEngine.Object)
UnityEngine.DebugLogHandler:LogFormat (UnityEngine.LogType,UnityEngine.Object,string,object[])
UnityEngine.Logger:Log (UnityEngine.LogType,object)
UnityEngine.Debug:Log (object)
LTW.UnityClient.Editor.VisualReviewCaptureRunner:WriteImmediateCapture (string,string,System.Nullable`1<int>,System.Nullable`1<int>) (at Assets/Editor/VisualReviewCaptureRunner.cs:1063)
LTW.UnityClient.Editor.VisualReviewCaptureRunner:QueueCapture (string) (at Assets/Editor/VisualReviewCaptureRunner.cs:986)
LTW.UnityClient.Editor.VisualReviewCaptureRunner:Update () (at Assets/Editor/VisualReviewCaptureRunner.cs:231)
UnityEditor.EditorApplication:Internal_CallUpdateFunctions ()

(Filename: Assets/Editor/VisualReviewCaptureRunner.cs Line: 1063)

LTW camera framing -> SpawnGateFocus
UnityEngine.Debug:ExtractStackTraceNoAlloc (byte*,int,string)
UnityEngine.StackTraceUtility:ExtractStackTrace ()
UnityEngine.DebugLogHandler:Internal_Log (UnityEngine.LogType,UnityEngine.LogOption,string,UnityEngine.Object)
UnityEngine.DebugLogHandler:LogFormat (UnityEngine.LogType,UnityEngine.Object,string,object[])
UnityEngine.Logger:Log (UnityEngine.LogType,object)
UnityEngine.Debug:Log (object)
LTW.UnityClient.Simulation.UnityVerticalSliceRenderer:SetCameraFraming (LTW.UnityClient.Simulation.LaneCameraFraming) (at Assets/Scripts/Simulation/UnityVerticalSliceRenderer.cs:153)
LTW.UnityClient.Editor.VisualReviewCaptureRunner:SetRendererFraming (LTW.UnityClient.Simulation.LaneCameraFraming) (at Assets/Editor/VisualReviewCaptureRunner.cs:1780)
LTW.UnityClient.Editor.VisualReviewCaptureRunner:Update () (at Assets/Editor/VisualReviewCaptureRunner.cs:351)
UnityEditor.EditorApplication:Internal_CallUpdateFunctions ()

(Filename: Assets/Scripts/Simulation/UnityVerticalSliceRenderer.cs Line: 153)

Saved visual review capture C:\Voucher-Management\vouchermanagement\LTW\docs\screenshot-reviews\mobile-art-button-chrome-polish-pass-09\mobile-art-button-chrome-polish-pass-09\after\phone-small-portrait\13-spawn-gate-focus.png
UnityEngine.Debug:ExtractStackTraceNoAlloc (byte*,int,string)
UnityEngine.StackTraceUtility:ExtractStackTrace ()
UnityEngine.DebugLogHandler:Internal_Log (UnityEngine.LogType,UnityEngine.LogOption,string,UnityEngine.Object)
UnityEngine.DebugLogHandler:LogFormat (UnityEngine.LogType,UnityEngine.Object,string,object[])
UnityEngine.Logger:Log (UnityEngine.LogType,object)
UnityEngine.Debug:Log (object)
LTW.UnityClient.Editor.VisualReviewCaptureRunner:WriteImmediateCapture (string,string,System.Nullable`1<int>,System.Nullable`1<int>) (at Assets/Editor/VisualReviewCaptureRunner.cs:1063)
LTW.UnityClient.Editor.VisualReviewCaptureRunner:QueueCapture (string) (at Assets/Editor/VisualReviewCaptureRunner.cs:986)
LTW.UnityClient.Editor.VisualReviewCaptureRunner:Update () (at Assets/Editor/VisualReviewCaptureRunner.cs:231)
UnityEditor.EditorApplication:Internal_CallUpdateFunctions ()

(Filename: Assets/Editor/VisualReviewCaptureRunner.cs Line: 1063)

Saved visual review capture C:\Voucher-Management\vouchermanagement\LTW\docs\screenshot-reviews\mobile-art-button-chrome-polish-pass-09\mobile-art-button-chrome-polish-pass-09\after\phone-standard-portrait\13-spawn-gate-focus.png
UnityEngine.Debug:ExtractStackTraceNoAlloc (byte*,int,string)
UnityEngine.StackTraceUtility:ExtractStackTrace ()
UnityEngine.DebugLogHandler:Internal_Log (UnityEngine.LogType,UnityEngine.LogOption,string,UnityEngine.Object)
UnityEngine.DebugLogHandler:LogFormat (UnityEngine.LogType,UnityEngine.Object,string,object[])
UnityEngine.Logger:Log (UnityEngine.LogType,object)
UnityEngine.Debug:Log (object)
LTW.UnityClient.Editor.VisualReviewCaptureRunner:WriteImmediateCapture (string,string,System.Nullable`1<int>,System.Nullable`1<int>) (at Assets/Editor/VisualReviewCaptureRunner.cs:1063)
LTW.UnityClient.Editor.VisualReviewCaptureRunner:QueueCapture (string) (at Assets/Editor/VisualReviewCaptureRunner.cs:986)
LTW.UnityClient.Editor.VisualReviewCaptureRunner:Update () (at Assets/Editor/VisualReviewCaptureRunner.cs:231)
UnityEditor.EditorApplication:Internal_CallUpdateFunctions ()

(Filename: Assets/Editor/VisualReviewCaptureRunner.cs Line: 1063)

Saved visual review capture C:\Voucher-Management\vouchermanagement\LTW\docs\screenshot-reviews\mobile-art-button-chrome-polish-pass-09\mobile-art-button-chrome-polish-pass-09\after\phone-tall-portrait\13-spawn-gate-focus.png
UnityEngine.Debug:ExtractStackTraceNoAlloc (byte*,int,string)
UnityEngine.StackTraceUtility:ExtractStackTrace ()
UnityEngine.DebugLogHandler:Internal_Log (UnityEngine.LogType,UnityEngine.LogOption,string,UnityEngine.Object)
UnityEngine.DebugLogHandler:LogFormat (UnityEngine.LogType,UnityEngine.Object,string,object[])
UnityEngine.Logger:Log (UnityEngine.LogType,object)
UnityEngine.Debug:Log (object)
LTW.UnityClient.Editor.VisualReviewCaptureRunner:WriteImmediateCapture (string,string,System.Nullable`1<int>,System.Nullable`1<int>) (at Assets/Editor/VisualReviewCaptureRunner.cs:1063)
LTW.UnityClient.Editor.VisualReviewCaptureRunner:QueueCapture (string) (at Assets/Editor/VisualReviewCaptureRunner.cs:986)
LTW.UnityClient.Editor.VisualReviewCaptureRunner:Update () (at Assets/Editor/VisualReviewCaptureRunner.cs:231)
UnityEditor.EditorApplication:Internal_CallUpdateFunctions ()

(Filename: Assets/Editor/VisualReviewCaptureRunner.cs Line: 1063)

Saved visual review capture C:\Voucher-Management\vouchermanagement\LTW\docs\screenshot-reviews\mobile-art-button-chrome-polish-pass-09\mobile-art-button-chrome-polish-pass-09\after\phone-safe-area-portrait\13-spawn-gate-focus.png
UnityEngine.Debug:ExtractStackTraceNoAlloc (byte*,int,string)
UnityEngine.StackTraceUtility:ExtractStackTrace ()
UnityEngine.DebugLogHandler:Internal_Log (UnityEngine.LogType,UnityEngine.LogOption,string,UnityEngine.Object)
UnityEngine.DebugLogHandler:LogFormat (UnityEngine.LogType,UnityEngine.Object,string,object[])
UnityEngine.Logger:Log (UnityEngine.LogType,object)
UnityEngine.Debug:Log (object)
LTW.UnityClient.Editor.VisualReviewCaptureRunner:WriteImmediateCapture (string,string,System.Nullable`1<int>,System.Nullable`1<int>) (at Assets/Editor/VisualReviewCaptureRunner.cs:1063)
LTW.UnityClient.Editor.VisualReviewCaptureRunner:QueueCapture (string) (at Assets/Editor/VisualReviewCaptureRunner.cs:986)
LTW.UnityClient.Editor.VisualReviewCaptureRunner:Update () (at Assets/Editor/VisualReviewCaptureRunner.cs:231)
UnityEditor.EditorApplication:Internal_CallUpdateFunctions ()

(Filename: Assets/Editor/VisualReviewCaptureRunner.cs Line: 1063)

LTW camera framing -> LeakGateFocus
UnityEngine.Debug:ExtractStackTraceNoAlloc (byte*,int,string)
UnityEngine.StackTraceUtility:ExtractStackTrace ()
UnityEngine.DebugLogHandler:Internal_Log (UnityEngine.LogType,UnityEngine.LogOption,string,UnityEngine.Object)
UnityEngine.DebugLogHandler:LogFormat (UnityEngine.LogType,UnityEngine.Object,string,object[])
UnityEngine.Logger:Log (UnityEngine.LogType,object)
UnityEngine.Debug:Log (object)
LTW.UnityClient.Simulation.UnityVerticalSliceRenderer:SetCameraFraming (LTW.UnityClient.Simulation.LaneCameraFraming) (at Assets/Scripts/Simulation/UnityVerticalSliceRenderer.cs:153)
LTW.UnityClient.Editor.VisualReviewCaptureRunner:SetRendererFraming (LTW.UnityClient.Simulation.LaneCameraFraming) (at Assets/Editor/VisualReviewCaptureRunner.cs:1780)
LTW.UnityClient.Editor.VisualReviewCaptureRunner:Update () (at Assets/Editor/VisualReviewCaptureRunner.cs:356)
UnityEditor.EditorApplication:Internal_CallUpdateFunctions ()

(Filename: Assets/Scripts/Simulation/UnityVerticalSliceRenderer.cs Line: 153)

Saved visual review capture C:\Voucher-Management\vouchermanagement\LTW\docs\screenshot-reviews\mobile-art-button-chrome-polish-pass-09\mobile-art-button-chrome-polish-pass-09\after\phone-small-portrait\14-leak-gate-focus.png
UnityEngine.Debug:ExtractStackTraceNoAlloc (byte*,int,string)
UnityEngine.StackTraceUtility:ExtractStackTrace ()
UnityEngine.DebugLogHandler:Internal_Log (UnityEngine.LogType,UnityEngine.LogOption,string,UnityEngine.Object)
UnityEngine.DebugLogHandler:LogFormat (UnityEngine.LogType,UnityEngine.Object,string,object[])
UnityEngine.Logger:Log (UnityEngine.LogType,object)
UnityEngine.Debug:Log (object)
LTW.UnityClient.Editor.VisualReviewCaptureRunner:WriteImmediateCapture (string,string,System.Nullable`1<int>,System.Nullable`1<int>) (at Assets/Editor/VisualReviewCaptureRunner.cs:1063)
LTW.UnityClient.Editor.VisualReviewCaptureRunner:QueueCapture (string) (at Assets/Editor/VisualReviewCaptureRunner.cs:986)
LTW.UnityClient.Editor.VisualReviewCaptureRunner:Update () (at Assets/Editor/VisualReviewCaptureRunner.cs:231)
UnityEditor.EditorApplication:Internal_CallUpdateFunctions ()

(Filename: Assets/Editor/VisualReviewCaptureRunner.cs Line: 1063)

Saved visual review capture C:\Voucher-Management\vouchermanagement\LTW\docs\screenshot-reviews\mobile-art-button-chrome-polish-pass-09\mobile-art-button-chrome-polish-pass-09\after\phone-standard-portrait\14-leak-gate-focus.png
UnityEngine.Debug:ExtractStackTraceNoAlloc (byte*,int,string)
UnityEngine.StackTraceUtility:ExtractStackTrace ()
UnityEngine.DebugLogHandler:Internal_Log (UnityEngine.LogType,UnityEngine.LogOption,string,UnityEngine.Object)
UnityEngine.DebugLogHandler:LogFormat (UnityEngine.LogType,UnityEngine.Object,string,object[])
UnityEngine.Logger:Log (UnityEngine.LogType,object)
UnityEngine.Debug:Log (object)
LTW.UnityClient.Editor.VisualReviewCaptureRunner:WriteImmediateCapture (string,string,System.Nullable`1<int>,System.Nullable`1<int>) (at Assets/Editor/VisualReviewCaptureRunner.cs:1063)
LTW.UnityClient.Editor.VisualReviewCaptureRunner:QueueCapture (string) (at Assets/Editor/VisualReviewCaptureRunner.cs:986)
LTW.UnityClient.Editor.VisualReviewCaptureRunner:Update () (at Assets/Editor/VisualReviewCaptureRunner.cs:231)
UnityEditor.EditorApplication:Internal_CallUpdateFunctions ()

(Filename: Assets/Editor/VisualReviewCaptureRunner.cs Line: 1063)

Saved visual review capture C:\Voucher-Management\vouchermanagement\LTW\docs\screenshot-reviews\mobile-art-button-chrome-polish-pass-09\mobile-art-button-chrome-polish-pass-09\after\phone-tall-portrait\14-leak-gate-focus.png
UnityEngine.Debug:ExtractStackTraceNoAlloc (byte*,int,string)
UnityEngine.StackTraceUtility:ExtractStackTrace ()
UnityEngine.DebugLogHandler:Internal_Log (UnityEngine.LogType,UnityEngine.LogOption,string,UnityEngine.Object)
UnityEngine.DebugLogHandler:LogFormat (UnityEngine.LogType,UnityEngine.Object,string,object[])
UnityEngine.Logger:Log (UnityEngine.LogType,object)
UnityEngine.Debug:Log (object)
LTW.UnityClient.Editor.VisualReviewCaptureRunner:WriteImmediateCapture (string,string,System.Nullable`1<int>,System.Nullable`1<int>) (at Assets/Editor/VisualReviewCaptureRunner.cs:1063)
LTW.UnityClient.Editor.VisualReviewCaptureRunner:QueueCapture (string) (at Assets/Editor/VisualReviewCaptureRunner.cs:986)
LTW.UnityClient.Editor.VisualReviewCaptureRunner:Update () (at Assets/Editor/VisualReviewCaptureRunner.cs:231)
UnityEditor.EditorApplication:Internal_CallUpdateFunctions ()

(Filename: Assets/Editor/VisualReviewCaptureRunner.cs Line: 1063)

Saved visual review capture C:\Voucher-Management\vouchermanagement\LTW\docs\screenshot-reviews\mobile-art-button-chrome-polish-pass-09\mobile-art-button-chrome-polish-pass-09\after\phone-safe-area-portrait\14-leak-gate-focus.png
UnityEngine.Debug:ExtractStackTraceNoAlloc (byte*,int,string)
UnityEngine.StackTraceUtility:ExtractStackTrace ()
UnityEngine.DebugLogHandler:Internal_Log (UnityEngine.LogType,UnityEngine.LogOption,string,UnityEngine.Object)
UnityEngine.DebugLogHandler:LogFormat (UnityEngine.LogType,UnityEngine.Object,string,object[])
UnityEngine.Logger:Log (UnityEngine.LogType,object)
UnityEngine.Debug:Log (object)
LTW.UnityClient.Editor.VisualReviewCaptureRunner:WriteImmediateCapture (string,string,System.Nullable`1<int>,System.Nullable`1<int>) (at Assets/Editor/VisualReviewCaptureRunner.cs:1063)
LTW.UnityClient.Editor.VisualReviewCaptureRunner:QueueCapture (string) (at Assets/Editor/VisualReviewCaptureRunner.cs:986)
LTW.UnityClient.Editor.VisualReviewCaptureRunner:Update () (at Assets/Editor/VisualReviewCaptureRunner.cs:231)
UnityEditor.EditorApplication:Internal_CallUpdateFunctions ()

(Filename: Assets/Editor/VisualReviewCaptureRunner.cs Line: 1063)

LTW camera framing -> ActiveLane
UnityEngine.Debug:ExtractStackTraceNoAlloc (byte*,int,string)
UnityEngine.StackTraceUtility:ExtractStackTrace ()
UnityEngine.DebugLogHandler:Internal_Log (UnityEngine.LogType,UnityEngine.LogOption,string,UnityEngine.Object)
UnityEngine.DebugLogHandler:LogFormat (UnityEngine.LogType,UnityEngine.Object,string,object[])
UnityEngine.Logger:Log (UnityEngine.LogType,object)
UnityEngine.Debug:Log (object)
LTW.UnityClient.Simulation.UnityVerticalSliceRenderer:SetCameraFraming (LTW.UnityClient.Simulation.LaneCameraFraming) (at Assets/Scripts/Simulation/UnityVerticalSliceRenderer.cs:153)
LTW.UnityClient.Editor.VisualReviewCaptureRunner:SetRendererFraming (LTW.UnityClient.Simulation.LaneCameraFraming) (at Assets/Editor/VisualReviewCaptureRunner.cs:1780)
LTW.UnityClient.Editor.VisualReviewCaptureRunner:Update () (at Assets/Editor/VisualReviewCaptureRunner.cs:361)
UnityEditor.EditorApplication:Internal_CallUpdateFunctions ()

(Filename: Assets/Scripts/Simulation/UnityVerticalSliceRenderer.cs Line: 153)

Saved visual review capture C:\Voucher-Management\vouchermanagement\LTW\docs\screenshot-reviews\mobile-art-button-chrome-polish-pass-09\mobile-art-button-chrome-polish-pass-09\after\phone-small-portrait\15-results-or-late-match.png
UnityEngine.Debug:ExtractStackTraceNoAlloc (byte*,int,string)
UnityEngine.StackTraceUtility:ExtractStackTrace ()
UnityEngine.DebugLogHandler:Internal_Log (UnityEngine.LogType,UnityEngine.LogOption,string,UnityEngine.Object)
UnityEngine.DebugLogHandler:LogFormat (UnityEngine.LogType,UnityEngine.Object,string,object[])
UnityEngine.Logger:Log (UnityEngine.LogType,object)
UnityEngine.Debug:Log (object)
LTW.UnityClient.Editor.VisualReviewCaptureRunner:WriteImmediateCapture (string,string,System.Nullable`1<int>,System.Nullable`1<int>) (at Assets/Editor/VisualReviewCaptureRunner.cs:1063)
LTW.UnityClient.Editor.VisualReviewCaptureRunner:QueueCapture (string) (at Assets/Editor/VisualReviewCaptureRunner.cs:986)
LTW.UnityClient.Editor.VisualReviewCaptureRunner:Update () (at Assets/Editor/VisualReviewCaptureRunner.cs:369)
UnityEditor.EditorApplication:Internal_CallUpdateFunctions ()

(Filename: Assets/Editor/VisualReviewCaptureRunner.cs Line: 1063)

Saved visual review capture C:\Voucher-Management\vouchermanagement\LTW\docs\screenshot-reviews\mobile-art-button-chrome-polish-pass-09\mobile-art-button-chrome-polish-pass-09\after\phone-standard-portrait\15-results-or-late-match.png
UnityEngine.Debug:ExtractStackTraceNoAlloc (byte*,int,string)
UnityEngine.StackTraceUtility:ExtractStackTrace ()
UnityEngine.DebugLogHandler:Internal_Log (UnityEngine.LogType,UnityEngine.LogOption,string,UnityEngine.Object)
UnityEngine.DebugLogHandler:LogFormat (UnityEngine.LogType,UnityEngine.Object,string,object[])
UnityEngine.Logger:Log (UnityEngine.LogType,object)
UnityEngine.Debug:Log (object)
LTW.UnityClient.Editor.VisualReviewCaptureRunner:WriteImmediateCapture (string,string,System.Nullable`1<int>,System.Nullable`1<int>) (at Assets/Editor/VisualReviewCaptureRunner.cs:1063)
LTW.UnityClient.Editor.VisualReviewCaptureRunner:QueueCapture (string) (at Assets/Editor/VisualReviewCaptureRunner.cs:986)
LTW.UnityClient.Editor.VisualReviewCaptureRunner:Update () (at Assets/Editor/VisualReviewCaptureRunner.cs:369)
UnityEditor.EditorApplication:Internal_CallUpdateFunctions ()

(Filename: Assets/Editor/VisualReviewCaptureRunner.cs Line: 1063)

Saved visual review capture C:\Voucher-Management\vouchermanagement\LTW\docs\screenshot-reviews\mobile-art-button-chrome-polish-pass-09\mobile-art-button-chrome-polish-pass-09\after\phone-tall-portrait\15-results-or-late-match.png
UnityEngine.Debug:ExtractStackTraceNoAlloc (byte*,int,string)
UnityEngine.StackTraceUtility:ExtractStackTrace ()
UnityEngine.DebugLogHandler:Internal_Log (UnityEngine.LogType,UnityEngine.LogOption,string,UnityEngine.Object)
UnityEngine.DebugLogHandler:LogFormat (UnityEngine.LogType,UnityEngine.Object,string,object[])
UnityEngine.Logger:Log (UnityEngine.LogType,object)
UnityEngine.Debug:Log (object)
LTW.UnityClient.Editor.VisualReviewCaptureRunner:WriteImmediateCapture (string,string,System.Nullable`1<int>,System.Nullable`1<int>) (at Assets/Editor/VisualReviewCaptureRunner.cs:1063)
LTW.UnityClient.Editor.VisualReviewCaptureRunner:QueueCapture (string) (at Assets/Editor/VisualReviewCaptureRunner.cs:986)
LTW.UnityClient.Editor.VisualReviewCaptureRunner:Update () (at Assets/Editor/VisualReviewCaptureRunner.cs:369)
UnityEditor.EditorApplication:Internal_CallUpdateFunctions ()

(Filename: Assets/Editor/VisualReviewCaptureRunner.cs Line: 1063)

Saved visual review capture C:\Voucher-Management\vouchermanagement\LTW\docs\screenshot-reviews\mobile-art-button-chrome-polish-pass-09\mobile-art-button-chrome-polish-pass-09\after\phone-safe-area-portrait\15-results-or-late-match.png
UnityEngine.Debug:ExtractStackTraceNoAlloc (byte*,int,string)
UnityEngine.StackTraceUtility:ExtractStackTrace ()
UnityEngine.DebugLogHandler:Internal_Log (UnityEngine.LogType,UnityEngine.LogOption,string,UnityEngine.Object)
UnityEngine.DebugLogHandler:LogFormat (UnityEngine.LogType,UnityEngine.Object,string,object[])
UnityEngine.Logger:Log (UnityEngine.LogType,object)
UnityEngine.Debug:Log (object)
LTW.UnityClient.Editor.VisualReviewCaptureRunner:WriteImmediateCapture (string,string,System.Nullable`1<int>,System.Nullable`1<int>) (at Assets/Editor/VisualReviewCaptureRunner.cs:1063)
LTW.UnityClient.Editor.VisualReviewCaptureRunner:QueueCapture (string) (at Assets/Editor/VisualReviewCaptureRunner.cs:986)
LTW.UnityClient.Editor.VisualReviewCaptureRunner:Update () (at Assets/Editor/VisualReviewCaptureRunner.cs:369)
UnityEditor.EditorApplication:Internal_CallUpdateFunctions ()

(Filename: Assets/Editor/VisualReviewCaptureRunner.cs Line: 1063)

LTW visual review screenshots captured in C:\Voucher-Management\vouchermanagement\LTW\docs\screenshot-reviews\mobile-art-button-chrome-polish-pass-09\mobile-art-button-chrome-polish-pass-09\after\phone-small-portrait
UnityEngine.Debug:ExtractStackTraceNoAlloc (byte*,int,string)
UnityEngine.StackTraceUtility:ExtractStackTrace ()
UnityEngine.DebugLogHandler:Internal_Log (UnityEngine.LogType,UnityEngine.LogOption,string,UnityEngine.Object)
UnityEngine.DebugLogHandler:LogFormat (UnityEngine.LogType,UnityEngine.Object,string,object[])
UnityEngine.Logger:Log (UnityEngine.LogType,object)
UnityEngine.Debug:Log (object)
LTW.UnityClient.Editor.VisualReviewCaptureRunner:Finish (string) (at Assets/Editor/VisualReviewCaptureRunner.cs:1826)
LTW.UnityClient.Editor.VisualReviewCaptureRunner:Update () (at Assets/Editor/VisualReviewCaptureRunner.cs:373)
UnityEditor.EditorApplication:Internal_CallUpdateFunctions ()

(Filename: Assets/Editor/VisualReviewCaptureRunner.cs Line: 1826)

MonoPathRemapper: Attempts to remap: 6980; Successful remaps: 986
Serialized file version minimum: 23, current 23
[Physics::Module] Cleanup current backend.
[Physics::Module] Id: 0xf2b8ea05
Input System module state changed to: ShutdownInProgress.
Input Polling Thread exited.
Input System module state changed to: Shutdown.
[Licensing::IpcConnector] LicenseClient-engch-notifications channel disconnected successfully.
[Licensing::IpcConnector] LicenseClient-engch channel disconnected successfully.
AcceleratorClientConnectionCallback - disconnected - :0
Cleanup mono
CodeReloadManager destroyed
Checking for leaked weakptr:
  Found no leaked weakptrs.
[Package Manager] Server process was shutdown
##utp:{"type":"MemoryLeaks","version":2,"phase":"Immediate","time":1784332938437,"processId":24196,"allocatedMemory":12965526,"memoryLabels":[{"Default":284247},{"Permanent":15516},{"NewDelete":66659},{"Thread":4205176},{"Manager":31045},{"VertexData":8},{"Geometry":816},{"Texture":24},{"Shader":833490},{"Material":24},{"GfxDevice":58016},{"Animation":952},{"Audio":80},{"FreeType":8},{"FontEngine":736},{"Physics":2146},{"Physics2D":16},{"Serialization":1016},{"Input":42840},{"JobScheduler":256},{"TextLib":280},{"Mono":48},{"ScriptingNativeRuntime":674964},{"BaseObject":1734784},{"Resource":1208},{"Renderer":3080},{"Transform":4685},{"File":4013},{"WebCam":616},{"Culling":32},{"Terrain":11442},{"Wind":24},{"STL":40},{"String":18289},{"StaticString":3808},{"Utility":2672694},{"Curl":2559},{"PoolAlloc":2168},{"AI":80},{"TypeTree":17165},{"CodeReload":448},{"RuntimeInitializeOnLoadManager":64},{"Sprites":102},{"SpriteAtlas":120},{"GI":7816},{"Director":8296},{"CloudService":8968},{"WebRequest":552},{"VR":47114},{"SceneManager":608},{"Video":208},{"LazyScriptCache":32},{"Camera":17},{"Secure":2377},{"SerializationCache":1576},{"APIUpdating":10320},{"Subsystems":336},{"VirtualTexturing":57888},{"StaticSafetyDebugInfo":278528},{"Analytics":552},{"Hierarchy":1176},{"UIElements":72},{"CoreStats":13688},{"Identifiers":6768},{"Gui":128},{"EditorUtility":488079},{"VersionControl":8},{"Undo":931},{"AssetDatabase":1277266},{"AssetImporter":40},{"EditorGi":328},{"UnityConnect":38929},{"Upm":1912},{"UpmDiagnostics":8},{"AssetCompliance":64},{"DrivenProperties":72},{"LocalIPC":211},{"ProfilerEditor":9746},{"CoreBusinessMetrics":3480},{"Windowing":456},{"Licensing":1232},{"AssetReference":32},{"IPCStream":32}]}
