[Licensing::Module] Trying to connect to existing licensing client channel...
Built from '6000.5/staging' branch; Version is '6000.5.3f1 (c2eb47b3a2a9) revision 12774215'; Using compiler version '194234433'; Build Type 'Release'
[Licensing::IpcConnector] Channel LicenseClient-engch doesn't exist
OS: 'Windows 11  (10.0.26200) Core' Language: 'en' Physical Memory: 7502 MB
BatchMode: 1, IsHumanControllingUs: 0, StartBugReporterOnCrash: 0, Is64bit: 1
System  architecture: x64
Process architecture: x64
Date: 2026-07-17T22:27:34Z
[Licensing::Module] Successfully launched the LicensingClient (PId: 16564)

COMMAND LINE ARGUMENTS:
C:\Program Files\Unity\Hub\Editor\6000.5.3f1\Editor\Unity.exe
-batchmode
-projectPath
C:\Voucher-Management\vouchermanagement\LTW\unity\LTW.UnityClient
-executeMethod
LTW.UnityClient.Editor.VisualReviewCaptureRunner.CaptureMobileImprovementCycle
-ltwCaptureOutputDir
C:\Voucher-Management\vouchermanagement\LTW\docs\screenshot-reviews\mobile-art-ui-board-reference-promotion-pass
-ltwCaptureRunId
mobile-art-ui-board-reference-promotion-pass
-ltwCapturePhase
after
-ltwCaptureSeed
4
-ltwCapturePackage
GD-Mobile-UI-Board
-ltwCaptureGrayscale
-ltwIntensity
aggressive
-ltwExitAfterCapture
-logFile
C:\Voucher-Management\vouchermanagement\LTW\docs\screenshot-reviews\mobile-art-ui-board-reference-promotion-pass\unity-after-capture.log
Successfully changed project path to: C:\Voucher-Management\vouchermanagement\LTW\unity\LTW.UnityClient
C:/Voucher-Management/vouchermanagement/LTW/unity/LTW.UnityClient
[UnityMemory] Configuration Parameters - Can be set up in boot.config
    "memorysetup-temp-allocator-size-gi-baking-worker=262144"
    "memorysetup-temp-allocator-size-gi-baking-worker=262144"
    "memorysetup-temp-allocator-size-gi-baking-worker=262144"
    "memorysetup-temp-allocator-size-gi-baking-worker=262144"
    "memorysetup-temp-allocator-size-gi-baking-worker=262144"
    "memorysetup-temp-allocator-size-nav-mesh-worker=65536"
    "memorysetup-temp-allocator-size-audio-worker=65536"
    "memorysetup-temp-allocator-size-cloud-worker=32768"
    "memorysetup-temp-allocator-size-gfx=262144"
    "memorysetup-temp-allocator-size-preload-manager=33554432"
    "memorysetup-allocator-temp-initial-block-size-main=262144"
    "memorysetup-allocator-temp-initial-block-size-worker=262144"
    "memorysetup-temp-allocator-size-job-worker=262144"
    "memorysetup-temp-allocator-size-background-worker=32768"
    "memorysetup-bucket-allocator-granularity=16"
    "memorysetup-bucket-allocator-bucket-count=8"
    "memorysetup-bucket-allocator-block-size=33554432"
    "memorysetup-bucket-allocator-block-count=8"
    "memorysetup-main-allocator-block-size=16777216"
    "memorysetup-thread-allocator-block-size=16777216"
    "memorysetup-main-allocator-mimalloc-enabled=0"
    "memorysetup-gfx-main-allocator-block-size=16777216"
    "memorysetup-gfx-thread-allocator-block-size=16777216"
    "memorysetup-cache-allocator-block-size=4194304"
    "memorysetup-typetree-allocator-block-size=2097152"
    "memorysetup-profiler-bucket-allocator-granularity=16"
    "memorysetup-profiler-bucket-allocator-bucket-count=8"
    "memorysetup-profiler-bucket-allocator-block-size=33554432"
    "memorysetup-profiler-bucket-allocator-block-count=8"
    "memorysetup-profiler-allocator-block-size=16777216"
    "memorysetup-profiler-editor-allocator-block-size=1048576"
    "memorysetup-temp-allocator-size-main=16777216"
    "memorysetup-job-temp-allocator-block-size=2097152"
    "memorysetup-job-temp-allocator-block-size-background=1048576"
    "memorysetup-job-temp-allocator-reduction-small-platforms=262144"
Logging is directed to a specific file, skipping project log.Player connection [15476]  Target information:

Player connection [15476]  * "[IP] 100.67.115.86 [Port] 55504 [Flags] 2 [Guid] 1315476133 [EditorId] 1315476133 [Version] 1048832 [Id] WindowsEditor(7,nanc) [Debug] 1 [PackageName] WindowsEditor [ProjectName] Editor" 

Player connection [15476]  * "[IP] 10.0.0.199 [Port] 55504 [Flags] 2 [Guid] 1315476133 [EditorId] 1315476133 [Version] 1048832 [Id] WindowsEditor(7,nanc) [Debug] 1 [PackageName] WindowsEditor [ProjectName] Editor" 

Player connection [15476] Host joined multi-casting on [225.0.0.222:54997]...
Player connection [15476] Host joined alternative multi-casting on [225.0.0.222:34997]...
Input System module state changed to: Initialized.
[Physics::Module] Initialized fallback backend.
[Physics::Module] Id: 0xdecafbad
[Licensing::IpcConnector] Successfully connected to: "LicenseClient-engch" at "2026-07-17T22:27:35.3032025Z"
[Licensing::Client] Code 10 while verifying Licensing Client signature (process Id: 16564, path: "C:/Program Files/Unity/Hub/Editor/6000.5.3f1/Editor/Data/Resources/Licensing/Client/Unity.Licensing.Client.exe")
[Licensing::Module] LicensingClient has failed validation; ignoring
[Package Manager] Connected to IPC stream "Upm-23340" after 0.4 seconds.
[Licensing::Module] Licensing is not yet initialized.
[Licensing::Client] Handshaking with LicensingClient:
  Version:                 1.18.1+9fbee8e
  Session Id:              53893ef407a84e86b4b80163124fdb82
  Correlation Id:          81f6b0728a34662ce8c4302b2db09db2
  External correlation Id: 364456106921466411
  Machine Id:              XUUOHsR/oMOgT2KdiSe0eLiVyck=
[Licensing::Module] Successfully connected to LicensingClient on channel: "LicenseClient-engch" (connect: 0.57s, validation: 0.12s, handshake: 0.06s)
[Licensing::IpcConnector] Successfully connected to: "LicenseClient-engch-notifications" at "2026-07-17T22:27:35.4775038Z"
[Licensing::Module] Connected to LicensingClient (PId: 16564, launch time: 0.01, total connection time: 0.74s)
[Licensing::Module] Error: Access token is unavailable; failed to update
[Licensing::Client] Successfully resolved entitlement details
[Licensing::Module] License group:
  Id: 1375967616012-UnityPersXXXX
  Product: Unity Personal
  Type: Assigned
  Expiration: Unlimited
[Licensing::Client] Successfully updated license, isAsync: True, time: 0.02
[Licensing::Client] Successfully resolved entitlement details
[Licensing::Module] Licensing Background thread has ended after 0.82s
[Licensing::Module] Licensing is initialized (took 0.17s).
[Licensing::Client] Successfully resolved entitlement details
Library Redirect Path: Library/
[Physics::Module] Selected backend.
[Physics::Module] Name: PhysX
[Physics::Module] Id: 0xf2b8ea05
[Physics::Module] SDK Version: 4.1.2
[Physics::Module] Integration Version: 1.0.0
[Physics::Module] Threading Mode: Multi-Threaded
Initialize engine version: 6000.5.3f1 (c2eb47b3a2a9)
[Subsystems] Discovering subsystems at path C:/Program Files/Unity/Hub/Editor/6000.5.3f1/Editor/Data/Resources/UnitySubsystems
[Subsystems] Discovering subsystems at path C:/Voucher-Management/vouchermanagement/LTW/unity/LTW.UnityClient/Assets
GfxDevice: creating device client; kGfxThreadingModeNonThreaded
d3d12: failed to query info queue interface (0x80004002).
Direct3D:
    Version:         Direct3D 12 [level 12.1]
    Renderer:        AMD Radeon(TM) Graphics (ID=0x164c)
    Vendor:          ATI
    VRAM:            3751 MB
    App VRAM Budget: 3821 MB
    Driver:          31.0.21914.8004
    Unified Memory Architecture
Initialize mono
Mono path[0] = 'C:/Program Files/Unity/Hub/Editor/6000.5.3f1/Editor/Data/Managed'
Mono path[1] = 'C:/Program Files/Unity/Hub/Editor/6000.5.3f1/Editor/Data/BCLExtensions/runtime/netstandard2.1'
Mono path[2] = 'C:/Program Files/Unity/Hub/Editor/6000.5.3f1/Editor/Data/MonoBleedingEdge/lib/mono/unityjit-win32'
Mono config path = 'C:/Program Files/Unity/Hub/Editor/6000.5.3f1/Editor/Data/MonoBleedingEdge/etc'
Using monoOptions --debugger-agent=transport=dt_socket,embedding=1,server=y,suspend=n,address=127.0.0.1:56340
CodeReloadManager initialized
ImportWorker Server TCP listen port: 0
AcceleratorClientConnectionCallback - disconnected - :0
Begin MonoManager ReloadAssembly
Registering precompiled unity dll's ...
Register platform support module: C:/Program Files/Unity/Hub/Editor/6000.5.3f1/Editor/Data/PlaybackEngines/WebGLSupport/UnityEditor.WebGL.Extensions.dll
Register platform support module: C:/Program Files/Unity/Hub/Editor/6000.5.3f1/Editor/Data/PlaybackEngines/WindowsStandaloneSupport/UnityEditor.WindowsStandalone.Extensions.dll
Registered in 0.003451 seconds.
Native extension for WindowsStandalone target not found
Native extension for WebGL target not found
Package Manager log level set to [2]
ScheduleIndexationOnStartup MainProcess:False IndexOnStartup:True
Mono: successfully reloaded assembly
- Finished resetting the current domain, in  0.550 seconds
Domain Reload Profiling: 1285ms
	BeginReloadAssembly (195ms)
		CreateAndSetChildDomain (15ms)
	RebuildCommonClasses (7ms)
	RebuildNativeTypeToScriptingClass (22ms)
	initialDomainReloadingComplete (110ms)
	LoadAllAssembliesAndSetupDomain (397ms)
		LoadAssemblies (176ms)
		AnalyzeDomain (295ms)
			TypeCache.Refresh (292ms)
				TypeCache.ScanAssembly (272ms)
	FinalizeReload (553ms)
		SetupLoadedEditorAssemblies (0ms)
			InitializePlatformSupportModulesInManaged (3ms)
			BeforeProcessingInitializeOnLoad (129ms)
			ProcessInitializeOnLoadAttributes (128ms)
			ProcessInitializeOnLoadMethodAttributes (192ms)
[Licensing::Client] Successfully resolved entitlement details
Application.AssetDatabase Initial Refresh Start
[Package Manager] Restoring resolved packages state from cache
[Licensing::Client] Successfully resolved entitlement details
[Package Manager] Registered 8 packages:
  Packages from [https://packages.unity.com]:
    com.unity.nuget.newtonsoft-json@3.2.2 (location: C:\Voucher-Management\vouchermanagement\LTW\unity\LTW.UnityClient\Library\PackageCache\com.unity.nuget.newtonsoft-json@4dfd81071c64)
    com.unity.editorcoroutines@1.1.0 (location: C:\Voucher-Management\vouchermanagement\LTW\unity\LTW.UnityClient\Library\PackageCache\com.unity.editorcoroutines@87a15ed012c2)
  Built-in packages:
    com.unity.modules.audio@1.0.0 (location: C:\Voucher-Management\vouchermanagement\LTW\unity\LTW.UnityClient\Library\PackageCache\com.unity.modules.audio)
    com.unity.test-framework@1.7.0 (location: C:\Voucher-Management\vouchermanagement\LTW\unity\LTW.UnityClient\Library\PackageCache\com.unity.test-framework@1405238725ab)
    com.unity.ext.nunit@2.1.0 (location: C:\Voucher-Management\vouchermanagement\LTW\unity\LTW.UnityClient\Library\PackageCache\com.unity.ext.nunit@44f7d31723bd)
    com.unity.modules.imgui@1.0.0 (location: C:\Voucher-Management\vouchermanagement\LTW\unity\LTW.UnityClient\Library\PackageCache\com.unity.modules.imgui)
    com.unity.modules.jsonserialize@1.0.0 (location: C:\Voucher-Management\vouchermanagement\LTW\unity\LTW.UnityClient\Library\PackageCache\com.unity.modules.jsonserialize)
  Git packages:
    com.gamelovers.mcp-unity@https://github.com/CoderGamester/mcp-unity.git (location: C:\Voucher-Management\vouchermanagement\LTW\unity\LTW.UnityClient\Library\PackageCache\com.gamelovers.mcp-unity@c35f184d7656)
[Subsystems] No new subsystems found in resolved package list.
[Package Manager] Done registering packages in 0.01 seconds
[ScriptCompilation] Requested script compilation because: AssetDatabase observed changes in script compilation related files
Starting: C:\Program Files\Unity\Hub\Editor\6000.5.3f1\Editor\Data\Tools\BuildPipeline\bee_backend.exe --ipc --defer-dag-verification --dagfile="Library/Bee/1900b0aE.dag" --continue-on-failure --profile="Library/Bee/backend1.traceevents" ScriptAssemblies
WorkingDir: C:/Voucher-Management/vouchermanagement/LTW/unity/LTW.UnityClient
DisplayProgressbar: Compiling Scripts
ExitCode: 0 Duration: 4s741ms
[197/203    0s] Csc Library/Bee/artifacts/1900b0aE.dag/Assembly-CSharp.dll (+2 others)
[198/203    0s] CopyFiles Library/ScriptAssemblies/Assembly-CSharp.pdb
[199/203    0s] CopyFiles Library/ScriptAssemblies/Assembly-CSharp.dll
[200/203    2s] Csc Library/Bee/artifacts/1900b0aE.dag/Assembly-CSharp-Editor.dll (+2 others)
Assets\Editor\LocalPlaytestBatchRunner.cs(263,76): warning CS8604: Possible null reference argument for parameter 'value' in 'ContentId.ContentId(string value)'.

Assets\Editor\VisualReviewCaptureRunner.cs(1075,72): warning CS0618: 'FindObjectsSortMode' is obsolete: 'FindObjectsSortMode has been deprecated. Use the FindObjectsByType overloads that do not take a FindObjectsSortMode parameter.'

Assets\Editor\VisualReviewCaptureRunner.cs(1075,27): warning CS0618: 'Object.FindObjectsByType<T>(FindObjectsSortMode)' is obsolete: 'FindObjectsByType with FindObjectsSortMode parameter has been deprecated. Use FindObjectsByType<T>() or FindObjectsByType<T>(FindObjectsInactive) instead. InstanceID will be replaced in the future with EntityId and previous sort order cannot be maintained.'
[201/203    0s] CopyFiles Library/ScriptAssemblies/Assembly-CSharp-Editor.pdb
[202/203    0s] CopyFiles Library/ScriptAssemblies/Assembly-CSharp-Editor.dll
*** Tundra build success (4.68 seconds), 6 items updated, 203 evaluated
Assets\Editor\LocalPlaytestBatchRunner.cs(263,76): warning CS8604: Possible null reference argument for parameter 'value' in 'ContentId.ContentId(string value)'.
Assets\Editor\VisualReviewCaptureRunner.cs(1075,72): warning CS0618: 'FindObjectsSortMode' is obsolete: 'FindObjectsSortMode has been deprecated. Use the FindObjectsByType overloads that do not take a FindObjectsSortMode parameter.'
Assets\Editor\VisualReviewCaptureRunner.cs(1075,27): warning CS0618: 'Object.FindObjectsByType<T>(FindObjectsSortMode)' is obsolete: 'FindObjectsByType with FindObjectsSortMode parameter has been deprecated. Use FindObjectsByType<T>() or FindObjectsByType<T>(FindObjectsInactive) instead. InstanceID will be replaced in the future with EntityId and previous sort order cannot be maintained.'
Total cache size 12124940
Total cache size after purge 12124940, took 00:00:00.0641125
AssetDatabase: script compilation time: 6.244415s
Begin MonoManager ReloadAssembly
Importing 'GUID: e7a0045de05eb9c4893459a007921b13 - Path: Assets/Resources/Art/UI/Chrome' with importer (DefaultImporter)
Imported 'GUID: e7a0045de05eb9c4893459a007921b13' -> (Import Result ID: 'dfa82271ccd8d19a334dd2c87ed9ab34') in 0.055 seconds [static dependencies only]. Details - ImportResultOutputID=370a3fef6e4c9ac455b95eab71ff55a2 DependenciesID=04bd33959da922eeeff2401628c21b0d StaticDependenciesID=3dac39795790fef5864043b9fcca1fc5 
Importing 'GUID: 4e0edd705deed7645b0bc715636f392d - Path: Assets/Resources/Art/Board/Materials' with importer (DefaultImporter)
Imported 'GUID: 4e0edd705deed7645b0bc715636f392d' -> (Import Result ID: '5ff9958f29e90a623eefeaaaf4577432') in 0.020 seconds [static dependencies only]. Details - ImportResultOutputID=8b17587d09bb0e24dcdb10df5947d335 DependenciesID=57d27bd24125d3b34dccbd49b279ca9c StaticDependenciesID=464f09fb70dd7db260c9854ba2585ad3 
Native extension for WindowsStandalone target not found
Native extension for WebGL target not found
ScheduleIndexationOnStartup MainProcess:True IndexOnStartup:True
Mono: successfully reloaded assembly
- Finished resetting the current domain, in  0.609 seconds
Domain Reload Profiling: 1422ms
	BeginReloadAssembly (353ms)
		DisableScriptedObjects (43ms)
		CreateAndSetChildDomain (68ms)
	RebuildCommonClasses (12ms)
	RebuildNativeTypeToScriptingClass (26ms)
	initialDomainReloadingComplete (76ms)
	LoadAllAssembliesAndSetupDomain (343ms)
		LoadAssemblies (351ms)
		AnalyzeDomain (46ms)
			TypeCache.Refresh (35ms)
				TypeCache.ScanAssembly (24ms)
			BuildScriptInfoCaches (8ms)
	FinalizeReload (612ms)
		SetupLoadedEditorAssemblies (0ms)
			InitializePlatformSupportModulesInManaged (4ms)
			BeforeProcessingInitializeOnLoad (124ms)
			ProcessInitializeOnLoadAttributes (109ms)
			ProcessInitializeOnLoadMethodAttributes (147ms)
			AfterProcessingInitializeOnLoad (11ms)
		AwakeInstancesAfterBackupRestoration (32ms)
Importing 'GUID: a0de6c2b485d55b4bb953bc4d62ef051 - Path: Assets/Resources/Art/Board/Materials/board_deep_field_option_11.png' with importer (TextureImporter)
Imported 'GUID: a0de6c2b485d55b4bb953bc4d62ef051' -> (Import Result ID: '98d13b8e21c62ee716c2eda07e03397b') in 0.054 seconds [static and dynamic dependencies]. Details - ImportResultOutputID=7a3a588a02362d3afb0e4df777ca5c01 DependenciesID=328c190ea471d2b9de2aaafb2d1bc5cf StaticDependenciesID=c866541d62344ee17c55747d3b93d571 
Importing 'GUID: d042539a113215245a0be7ebbf709a00 - Path: Assets/Resources/Art/UI/Chrome/ui_command_card_normal_option_04.png' with importer (TextureImporter)
Imported 'GUID: d042539a113215245a0be7ebbf709a00' -> (Import Result ID: 'f26814ae9329aa81392241c7d4b2c67c') in 0.021 seconds [static and dynamic dependencies]. Details - ImportResultOutputID=8de1c20aba7a01c9e2fef29e53e57b87 DependenciesID=8e58398231d35f9aaf871c74c49714d3 StaticDependenciesID=e9861da8b787ebedafea7b30e8980327 
Importing 'GUID: 844bfd69e36e3dc4e8da27557566530f - Path: Assets/Resources/Art/UI/Chrome/ui_command_card_error_option_04.png' with importer (TextureImporter)
Imported 'GUID: 844bfd69e36e3dc4e8da27557566530f' -> (Import Result ID: '335500acfb3477176227008230076e78') in 0.020 seconds [static and dynamic dependencies]. Details - ImportResultOutputID=196ef9f2a57a52699664496205a559f5 DependenciesID=1c80bf0025b0b8330d80652b8d5838db StaticDependenciesID=5ca2df3830fff798ca8b42c25f140a28 
Importing 'GUID: f4965c2aab2754c438d0623ac7908bc9 - Path: Assets/Resources/Art/UI/Chrome/ui_control_button_option_01.png' with importer (TextureImporter)
Imported 'GUID: f4965c2aab2754c438d0623ac7908bc9' -> (Import Result ID: 'c81c222e19bd415962b4ba23e706f2be') in 0.021 seconds [static and dynamic dependencies]. Details - ImportResultOutputID=b990ea07320d625359eac2f9ccd03b95 DependenciesID=68b3f1b57e24f7e9cda491856aaf18e9 StaticDependenciesID=91af9f862d47a801cf1470d98816ef5c 
Importing 'GUID: b638ff4c01cc05145a71bd035935710e - Path: Assets/Resources/Art/Board/Materials/board_rail_strip_option_11.png' with importer (TextureImporter)
Imported 'GUID: b638ff4c01cc05145a71bd035935710e' -> (Import Result ID: '933d6f4f8e87ba6ab15c342e18414256') in 0.020 seconds [static and dynamic dependencies]. Details - ImportResultOutputID=2393ccf6863923ba2d20dd4d7ee4201b DependenciesID=822752f51c7d6120b0dba3cbf0e8c7b6 StaticDependenciesID=1fef01bc51710da85f9f1225afdd8e50 
Importing 'GUID: e7fb24d571a0ca544bda5c5140f5ad4f - Path: Assets/Resources/Art/Board/Materials/board_route_curve_option_11.png' with importer (TextureImporter)
Imported 'GUID: e7fb24d571a0ca544bda5c5140f5ad4f' -> (Import Result ID: '89aad291b447198c0e7b641dfbf59340') in 0.022 seconds [static and dynamic dependencies]. Details - ImportResultOutputID=ec3f06974d058a9422062410d39a7029 DependenciesID=d5fa2c71751a9230b79c2c48b1ff6bce StaticDependenciesID=f45d38b6fb4f1fac3634f42b13e3c5f6 
Importing 'GUID: 397e14cf5a6592a4790af7683bc486e3 - Path: Assets/Resources/Art/Board/Materials/board_build_band_option_11.png' with importer (TextureImporter)
Imported 'GUID: 397e14cf5a6592a4790af7683bc486e3' -> (Import Result ID: 'd53f6ae9214be12b39fb55b185283775') in 0.021 seconds [static and dynamic dependencies]. Details - ImportResultOutputID=7f224029be747495c72e85ebde98813b DependenciesID=a681134dec001dba123e762ed4e92b49 StaticDependenciesID=825cf9681dc0e8b908ece84d357ad817 
Importing 'GUID: 693fc5b3f2f5aeb45b43f747f20d5859 - Path: Assets/Resources/Art/UI/Chrome/ui_hud_chrome_option_06.png' with importer (TextureImporter)
Imported 'GUID: 693fc5b3f2f5aeb45b43f747f20d5859' -> (Import Result ID: '833f3ac686fac8703a96b04f40af9151') in 0.027 seconds [static and dynamic dependencies]. Details - ImportResultOutputID=4a542870cef41e77836f2e8aaf9b4842 DependenciesID=4fd12a66fddfd7bf4163ccb934711456 StaticDependenciesID=573d2ed56d8f7fc69c7c8c9ec7674084 
Importing 'GUID: 796467c41f8450943a0d87730a379602 - Path: Assets/Resources/Art/UI/Chrome/ui_command_card_selected_option_04.png' with importer (TextureImporter)
Imported 'GUID: 796467c41f8450943a0d87730a379602' -> (Import Result ID: 'f7ca3dacd4bc50f3af53626246d002ba') in 0.021 seconds [static and dynamic dependencies]. Details - ImportResultOutputID=feda8c45fa1e17707c8190926621e8fa DependenciesID=b72570fa36b831b9c9ae3651ea78c58a StaticDependenciesID=4e92cfdbd896be6bac22bb4996cc7a98 
Importing 'GUID: ca6fd969183bc4645aa27384cd546418 - Path: Assets/Resources/Art/Board/Materials/board_route_core_option_11.png' with importer (TextureImporter)
Imported 'GUID: ca6fd969183bc4645aa27384cd546418' -> (Import Result ID: '287473cbd4441d18c13246977099ad32') in 0.022 seconds [static and dynamic dependencies]. Details - ImportResultOutputID=b4a60d27f7eb800b6524be045a1856fb DependenciesID=6dca240d3c4e60f30ae6619166c85989 StaticDependenciesID=8267142cfe394f59836d09af588b683c 
Importing 'GUID: cd9975c612d8fed468e9e76c6b8f85bc - Path: Assets/Resources/Art/UI/Chrome/ui_command_card_disabled_option_04.png' with importer (TextureImporter)
Imported 'GUID: cd9975c612d8fed468e9e76c6b8f85bc' -> (Import Result ID: '3c94161de4e28f5bbcd8e5a71569fb43') in 0.021 seconds [static and dynamic dependencies]. Details - ImportResultOutputID=6bd211de3c0de7a3ce37cd6414f0efa3 DependenciesID=79431d3bc50ace70c9b4a2491bda3aa1 StaticDependenciesID=4466397d0c9c7fc289fb6e8fb19f2634 
Importing 'GUID: 4fde9816b73722a4d9673948796a497f - Path: Assets/Resources/Art/Board/Materials/board_cell_strip_option_11.png' with importer (TextureImporter)
Imported 'GUID: 4fde9816b73722a4d9673948796a497f' -> (Import Result ID: '52d94164d11ae85aa49a7e0838092569') in 0.019 seconds [static and dynamic dependencies]. Details - ImportResultOutputID=1f136b2c4d0d6839be01194e39f37be3 DependenciesID=e9360f4d1b6c9b180bddc5618058a57c StaticDependenciesID=18749c649893b2785eab58afad1cbca1 
Starting new worker id: 0 with log in C:/Voucher-Management/vouchermanagement/LTW/unity/LTW.UnityClient/Logs/AssetImportWorkerHW0.log

Asset Pipeline Refresh (id=9966b8958b705f647982ccee409d319a): Total: 8.488 seconds - Initiated by InitialRefreshV2(ForceSynchronousImport)
	(Values over 0.05ms)
	Summary:
		Imports: total=14 (actual=14, local cache=0, cache server=0)
		Asset DB Process Time: managed=11 ms, native=1187 ms
		Asset DB Callback time: managed=137 ms, native=22 ms
		Scripting: domain reloads=1, domain reload time=862 ms, compile time=6248 ms, other=17 ms
		Project Asset Count: scripts=221, non-scripts=456
		Asset File Changes: new=0, changed=2, moved=0, deleted=0
		Scan Filter Count: 0
	InvokePackagesCallback: 16.327ms
	ApplyChangesToAssetFolders: 0.578ms
	Scan: 60.457ms
	Collect global state as custom dependencies: 0.841ms
	OnSourceAssetsModified: 0.961ms
	CategorizeScriptCompilationAssets: 5.329ms
	ProcessAssetsWithTransientArtifactChanges: 15.086ms
	CategorizeAssets: 6.923ms
	CompileScripts: 6247.566ms
	ImportOutOfDateAssets: 1025.532ms (616.566ms without children)
		ImportManagerImport: 377.780ms (6.626ms without children)
			UpdateCategorizedAssets: 0.154ms
		UnloadImportedAssets: 0.299ms
		EnsureUptoDateAssetsAreRegisteredWithGuidPM: 0.159ms
		ImportSchedulerStart: 30.715ms
	PostProcessAllAssets: 138.747ms
		PostProcessCallbackCreateDeferredMaterials 0.130ms
		RaytracingShaderImportPostprocess 0.095ms
		ShaderAssetModifiedCallback 0.066ms
		MonoPostProcessAllAssets: 135.150ms
			AssetPostprocessor.OnPostprocessAllAssets 49.754ms
			StyleCatalogPostProcessor.OnPostprocessAllAssets 25.335ms
			WindowAssetPostprocessingWatcher.OnPostprocessAllAssets 13.485ms
			BuilderAssetPostprocessor.OnPostprocessAllAssets 7.552ms
			AssetChangedListener.OnPostprocessAllAssets 4.215ms
			TextAssetPostProcessor.OnPostprocessAllAssets 2.405ms
			SyncVS.PostprocessSyncProject 2.229ms
			EditModeScopePostprocessor.OnPostprocessAllAssets 2.104ms
			ArtifactBrowserPostProcessor.OnPostprocessAllAssets 1.919ms
			RetainedModeAssetPostprocessor.OnPostprocessAllAssets 1.781ms
			SpeedTree9Postprocessor.OnPostprocessAllAssets 1.110ms
			AssetEvents.OnPostprocessAllAssets 0.587ms
			AudioMixerPostprocessor.OnPostprocessAllAssets 0.480ms
			ReferencedClipsPostProcessor.OnPostprocessAllAssets 0.453ms
			TerrainToolbarOverlayPostProcessor.OnPostprocessAllAssets 0.302ms
			SpeedTreePostProcessor.OnPostprocessAllAssets 0.261ms
			AssetDatabaseCallbacks.OnPostprocessAllAssets 0.249ms
			ConfigAssetsTracker.OnPostprocessAllAssets 0.228ms
			AudioContainerPostProcessor.OnPostprocessAllAssets 0.225ms
			ScenarioDriftAssetsTracker.OnPostprocessAllAssets 0.211ms
			RenderPipelineGlobalSettingsPostprocessor.OnPostprocessAllAssets 0.152ms
	PostAssetChangesProfiler: 8.316ms
	UnloadStreamsBegin: 2.470ms
	PersistCurrentRevisions: 0.227ms
	Untracked: 947.100ms

Application.AssetDatabase Initial Refresh End
Launched and connected shader compiler UnityShaderCompiler.exe after 0.03 seconds
Scanning for USB devices : 6.776ms
Initializing Unity extensions:
[MODES] ModeService[none].Initialize
[MODES] ModeService[none].LoadModes
[MODES] Loading mode Default (0) for mode-current-id-LTW.UnityClient
Unloading 3 Unused Serialized files (Serialized files now loaded: 0)
Unloading 500 unused Assets / (0.7 MB). Loaded Objects now: 1145.
Memory consumption went from 199.2 MB to 198.5 MB.
Total: 10.566900 ms (FindLiveObjects: 0.190800 ms CreateObjectMapping: 0.126800 ms MarkObjects: 9.065200 ms  DeleteObjects: 0.687800 ms)

Opening scene 'Assets/Scenes/LocalVerticalSlice.unity'
Unloading 0 Unused Serialized files (Serialized files now loaded: 0)
Loaded scene 'Assets/Scenes/LocalVerticalSlice.unity'
	Deserialize:            2.670 ms
	Integration:            20.604 ms
	Integration of assets:  0.305 ms
	Thread Wait Time:       -0.282 ms
	Total Operation Time:   23.297 ms
Unloading 1 unused Assets / (1.0 KB). Loaded Objects now: 1145.
Memory consumption went from 192.7 MB to 192.7 MB.
Total: 6.813000 ms (FindLiveObjects: 0.096700 ms CreateObjectMapping: 0.052800 ms MarkObjects: 6.625600 ms  DeleteObjects: 0.034600 ms)

D3D11 device created for Microsoft Media Foundation video decoding.
[Project] Loading completed in 12.610 seconds
	Project init time: 				12.041 seconds
		Template init time: 		0.000 seconds
		Package Manager init time: 		0.590 seconds
		Asset Database init time: 		0.665 seconds
		Global illumination init time: 	0.004 seconds
		Assemblies load time: 			1.350 seconds
		Unity extensions init time: 	0.002 seconds
		Asset Database refresh time: 	8.488 seconds
	Scene opening time: 			0.306 seconds
##utp:{"type":"ProjectInfo","version":2,"phase":"Immediate","time":1784327267329,"processId":23340,"projectLoad":12.6104726,"projectInit":12.0413249,"templateInit":0.0,"packageManagerInit":0.5904065,"assetDatabaseInit":0.6648815,"globalIlluminationInit":0.0038945,"assembliesLoad":1.3503427,"unityExtensionsInit":0.0024111,"assetDatabaseRefresh":8.4880924,"sceneOpening":0.3063622}
##utp:{"type":"EditorInfo","version":2,"phase":"Immediate","time":1784327267330,"processId":23340,"editorVersion":"6000.5.3f1 (c2eb47b3a2a9)","branch":"6000.5/staging","buildType":"Release","platform":"Windows"}
Entering Playmode with Reload Domain disabled.
If you experience any issues, please disable "Enter Play Mode Options" in Editor Settings
Loaded scene 'Temp/__Backupscenes/0.backup'
	Deserialize:            0.430 ms
	Integration:            275.800 ms
	Integration of assets:  0.002 ms
	Thread Wait Time:       0.017 ms
	Total Operation Time:   276.249 ms
[Licensing::Client] Successfully resolved entitlement details
Saved visual review capture C:\Voucher-Management\vouchermanagement\LTW\docs\screenshot-reviews\mobile-art-ui-board-reference-promotion-pass\mobile-art-ui-board-reference-promotion-pass\after\phone-small-portrait\01-default-hud.png
UnityEngine.Debug:ExtractStackTraceNoAlloc (byte*,int,string)
UnityEngine.StackTraceUtility:ExtractStackTrace ()
UnityEngine.DebugLogHandler:Internal_Log (UnityEngine.LogType,UnityEngine.LogOption,string,UnityEngine.Object)
UnityEngine.DebugLogHandler:LogFormat (UnityEngine.LogType,UnityEngine.Object,string,object[])
UnityEngine.Logger:Log (UnityEngine.LogType,object)
UnityEngine.Debug:Log (object)
LTW.UnityClient.Editor.VisualReviewCaptureRunner:WriteImmediateCapture (string,string,System.Nullable`1<int>,System.Nullable`1<int>) (at Assets/Editor/VisualReviewCaptureRunner.cs:1063)
LTW.UnityClient.Editor.VisualReviewCaptureRunner:QueueCapture (string) (at Assets/Editor/VisualReviewCaptureRunner.cs:986)
LTW.UnityClient.Editor.VisualReviewCaptureRunner:Update () (at Assets/Editor/VisualReviewCaptureRunner.cs:273)
UnityEditor.EditorApplication:Internal_CallUpdateFunctions ()

(Filename: Assets/Editor/VisualReviewCaptureRunner.cs Line: 1063)

Worker ready: AssetImportWorkerHW0 0
Saved visual review capture C:\Voucher-Management\vouchermanagement\LTW\docs\screenshot-reviews\mobile-art-ui-board-reference-promotion-pass\mobile-art-ui-board-reference-promotion-pass\after\phone-standard-portrait\01-default-hud.png
UnityEngine.Debug:ExtractStackTraceNoAlloc (byte*,int,string)
UnityEngine.StackTraceUtility:ExtractStackTrace ()
UnityEngine.DebugLogHandler:Internal_Log (UnityEngine.LogType,UnityEngine.LogOption,string,UnityEngine.Object)
UnityEngine.DebugLogHandler:LogFormat (UnityEngine.LogType,UnityEngine.Object,string,object[])
UnityEngine.Logger:Log (UnityEngine.LogType,object)
UnityEngine.Debug:Log (object)
LTW.UnityClient.Editor.VisualReviewCaptureRunner:WriteImmediateCapture (string,string,System.Nullable`1<int>,System.Nullable`1<int>) (at Assets/Editor/VisualReviewCaptureRunner.cs:1063)
LTW.UnityClient.Editor.VisualReviewCaptureRunner:QueueCapture (string) (at Assets/Editor/VisualReviewCaptureRunner.cs:986)
LTW.UnityClient.Editor.VisualReviewCaptureRunner:Update () (at Assets/Editor/VisualReviewCaptureRunner.cs:273)
UnityEditor.EditorApplication:Internal_CallUpdateFunctions ()

(Filename: Assets/Editor/VisualReviewCaptureRunner.cs Line: 1063)

Saved visual review capture C:\Voucher-Management\vouchermanagement\LTW\docs\screenshot-reviews\mobile-art-ui-board-reference-promotion-pass\mobile-art-ui-board-reference-promotion-pass\after\phone-tall-portrait\01-default-hud.png
UnityEngine.Debug:ExtractStackTraceNoAlloc (byte*,int,string)
UnityEngine.StackTraceUtility:ExtractStackTrace ()
UnityEngine.DebugLogHandler:Internal_Log (UnityEngine.LogType,UnityEngine.LogOption,string,UnityEngine.Object)
UnityEngine.DebugLogHandler:LogFormat (UnityEngine.LogType,UnityEngine.Object,string,object[])
UnityEngine.Logger:Log (UnityEngine.LogType,object)
UnityEngine.Debug:Log (object)
LTW.UnityClient.Editor.VisualReviewCaptureRunner:WriteImmediateCapture (string,string,System.Nullable`1<int>,System.Nullable`1<int>) (at Assets/Editor/VisualReviewCaptureRunner.cs:1063)
LTW.UnityClient.Editor.VisualReviewCaptureRunner:QueueCapture (string) (at Assets/Editor/VisualReviewCaptureRunner.cs:986)
LTW.UnityClient.Editor.VisualReviewCaptureRunner:Update () (at Assets/Editor/VisualReviewCaptureRunner.cs:273)
UnityEditor.EditorApplication:Internal_CallUpdateFunctions ()

(Filename: Assets/Editor/VisualReviewCaptureRunner.cs Line: 1063)

Saved visual review capture C:\Voucher-Management\vouchermanagement\LTW\docs\screenshot-reviews\mobile-art-ui-board-reference-promotion-pass\mobile-art-ui-board-reference-promotion-pass\after\phone-safe-area-portrait\01-default-hud.png
UnityEngine.Debug:ExtractStackTraceNoAlloc (byte*,int,string)
UnityEngine.StackTraceUtility:ExtractStackTrace ()
UnityEngine.DebugLogHandler:Internal_Log (UnityEngine.LogType,UnityEngine.LogOption,string,UnityEngine.Object)
UnityEngine.DebugLogHandler:LogFormat (UnityEngine.LogType,UnityEngine.Object,string,object[])
UnityEngine.Logger:Log (UnityEngine.LogType,object)
UnityEngine.Debug:Log (object)
LTW.UnityClient.Editor.VisualReviewCaptureRunner:WriteImmediateCapture (string,string,System.Nullable`1<int>,System.Nullable`1<int>) (at Assets/Editor/VisualReviewCaptureRunner.cs:1063)
LTW.UnityClient.Editor.VisualReviewCaptureRunner:QueueCapture (string) (at Assets/Editor/VisualReviewCaptureRunner.cs:986)
LTW.UnityClient.Editor.VisualReviewCaptureRunner:Update () (at Assets/Editor/VisualReviewCaptureRunner.cs:273)
UnityEditor.EditorApplication:Internal_CallUpdateFunctions ()

(Filename: Assets/Editor/VisualReviewCaptureRunner.cs Line: 1063)

Start Indexing on Editor startup
[Indexing] Starting Initial Indexing for Assets
Created GICache directory at C:/Users/engch/AppData/LocalLow/Unity/Caches/GiCache. Took: 0.026s, timestamps: [13.550 - 13.576]
Saved visual review capture C:\Voucher-Management\vouchermanagement\LTW\docs\screenshot-reviews\mobile-art-ui-board-reference-promotion-pass\mobile-art-ui-board-reference-promotion-pass\after\phone-small-portrait\02-build-menu-open.png
UnityEngine.Debug:ExtractStackTraceNoAlloc (byte*,int,string)
UnityEngine.StackTraceUtility:ExtractStackTrace ()
UnityEngine.DebugLogHandler:Internal_Log (UnityEngine.LogType,UnityEngine.LogOption,string,UnityEngine.Object)
UnityEngine.DebugLogHandler:LogFormat (UnityEngine.LogType,UnityEngine.Object,string,object[])
UnityEngine.Logger:Log (UnityEngine.LogType,object)
UnityEngine.Debug:Log (object)
LTW.UnityClient.Editor.VisualReviewCaptureRunner:WriteImmediateCapture (string,string,System.Nullable`1<int>,System.Nullable`1<int>) (at Assets/Editor/VisualReviewCaptureRunner.cs:1063)
LTW.UnityClient.Editor.VisualReviewCaptureRunner:QueueCapture (string) (at Assets/Editor/VisualReviewCaptureRunner.cs:986)
LTW.UnityClient.Editor.VisualReviewCaptureRunner:Update () (at Assets/Editor/VisualReviewCaptureRunner.cs:231)
UnityEditor.EditorApplication:Internal_CallUpdateFunctions ()

(Filename: Assets/Editor/VisualReviewCaptureRunner.cs Line: 1063)

Saved visual review capture C:\Voucher-Management\vouchermanagement\LTW\docs\screenshot-reviews\mobile-art-ui-board-reference-promotion-pass\mobile-art-ui-board-reference-promotion-pass\after\phone-standard-portrait\02-build-menu-open.png
UnityEngine.Debug:ExtractStackTraceNoAlloc (byte*,int,string)
UnityEngine.StackTraceUtility:ExtractStackTrace ()
UnityEngine.DebugLogHandler:Internal_Log (UnityEngine.LogType,UnityEngine.LogOption,string,UnityEngine.Object)
UnityEngine.DebugLogHandler:LogFormat (UnityEngine.LogType,UnityEngine.Object,string,object[])
UnityEngine.Logger:Log (UnityEngine.LogType,object)
UnityEngine.Debug:Log (object)
LTW.UnityClient.Editor.VisualReviewCaptureRunner:WriteImmediateCapture (string,string,System.Nullable`1<int>,System.Nullable`1<int>) (at Assets/Editor/VisualReviewCaptureRunner.cs:1063)
LTW.UnityClient.Editor.VisualReviewCaptureRunner:QueueCapture (string) (at Assets/Editor/VisualReviewCaptureRunner.cs:986)
LTW.UnityClient.Editor.VisualReviewCaptureRunner:Update () (at Assets/Editor/VisualReviewCaptureRunner.cs:231)
UnityEditor.EditorApplication:Internal_CallUpdateFunctions ()

(Filename: Assets/Editor/VisualReviewCaptureRunner.cs Line: 1063)

Saved visual review capture C:\Voucher-Management\vouchermanagement\LTW\docs\screenshot-reviews\mobile-art-ui-board-reference-promotion-pass\mobile-art-ui-board-reference-promotion-pass\after\phone-tall-portrait\02-build-menu-open.png
UnityEngine.Debug:ExtractStackTraceNoAlloc (byte*,int,string)
UnityEngine.StackTraceUtility:ExtractStackTrace ()
UnityEngine.DebugLogHandler:Internal_Log (UnityEngine.LogType,UnityEngine.LogOption,string,UnityEngine.Object)
UnityEngine.DebugLogHandler:LogFormat (UnityEngine.LogType,UnityEngine.Object,string,object[])
UnityEngine.Logger:Log (UnityEngine.LogType,object)
UnityEngine.Debug:Log (object)
LTW.UnityClient.Editor.VisualReviewCaptureRunner:WriteImmediateCapture (string,string,System.Nullable`1<int>,System.Nullable`1<int>) (at Assets/Editor/VisualReviewCaptureRunner.cs:1063)
LTW.UnityClient.Editor.VisualReviewCaptureRunner:QueueCapture (string) (at Assets/Editor/VisualReviewCaptureRunner.cs:986)
LTW.UnityClient.Editor.VisualReviewCaptureRunner:Update () (at Assets/Editor/VisualReviewCaptureRunner.cs:231)
UnityEditor.EditorApplication:Internal_CallUpdateFunctions ()

(Filename: Assets/Editor/VisualReviewCaptureRunner.cs Line: 1063)

Saved visual review capture C:\Voucher-Management\vouchermanagement\LTW\docs\screenshot-reviews\mobile-art-ui-board-reference-promotion-pass\mobile-art-ui-board-reference-promotion-pass\after\phone-safe-area-portrait\02-build-menu-open.png
UnityEngine.Debug:ExtractStackTraceNoAlloc (byte*,int,string)
UnityEngine.StackTraceUtility:ExtractStackTrace ()
UnityEngine.DebugLogHandler:Internal_Log (UnityEngine.LogType,UnityEngine.LogOption,string,UnityEngine.Object)
UnityEngine.DebugLogHandler:LogFormat (UnityEngine.LogType,UnityEngine.Object,string,object[])
UnityEngine.Logger:Log (UnityEngine.LogType,object)
UnityEngine.Debug:Log (object)
LTW.UnityClient.Editor.VisualReviewCaptureRunner:WriteImmediateCapture (string,string,System.Nullable`1<int>,System.Nullable`1<int>) (at Assets/Editor/VisualReviewCaptureRunner.cs:1063)
LTW.UnityClient.Editor.VisualReviewCaptureRunner:QueueCapture (string) (at Assets/Editor/VisualReviewCaptureRunner.cs:986)
LTW.UnityClient.Editor.VisualReviewCaptureRunner:Update () (at Assets/Editor/VisualReviewCaptureRunner.cs:231)
UnityEditor.EditorApplication:Internal_CallUpdateFunctions ()

(Filename: Assets/Editor/VisualReviewCaptureRunner.cs Line: 1063)

Saved visual review capture C:\Voucher-Management\vouchermanagement\LTW\docs\screenshot-reviews\mobile-art-ui-board-reference-promotion-pass\mobile-art-ui-board-reference-promotion-pass\after\phone-small-portrait\03-build-card-selected.png
UnityEngine.Debug:ExtractStackTraceNoAlloc (byte*,int,string)
UnityEngine.StackTraceUtility:ExtractStackTrace ()
UnityEngine.DebugLogHandler:Internal_Log (UnityEngine.LogType,UnityEngine.LogOption,string,UnityEngine.Object)
UnityEngine.DebugLogHandler:LogFormat (UnityEngine.LogType,UnityEngine.Object,string,object[])
UnityEngine.Logger:Log (UnityEngine.LogType,object)
UnityEngine.Debug:Log (object)
LTW.UnityClient.Editor.VisualReviewCaptureRunner:WriteImmediateCapture (string,string,System.Nullable`1<int>,System.Nullable`1<int>) (at Assets/Editor/VisualReviewCaptureRunner.cs:1063)
LTW.UnityClient.Editor.VisualReviewCaptureRunner:QueueCapture (string) (at Assets/Editor/VisualReviewCaptureRunner.cs:986)
LTW.UnityClient.Editor.VisualReviewCaptureRunner:Update () (at Assets/Editor/VisualReviewCaptureRunner.cs:231)
UnityEditor.EditorApplication:Internal_CallUpdateFunctions ()

(Filename: Assets/Editor/VisualReviewCaptureRunner.cs Line: 1063)

Saved visual review capture C:\Voucher-Management\vouchermanagement\LTW\docs\screenshot-reviews\mobile-art-ui-board-reference-promotion-pass\mobile-art-ui-board-reference-promotion-pass\after\phone-standard-portrait\03-build-card-selected.png
UnityEngine.Debug:ExtractStackTraceNoAlloc (byte*,int,string)
UnityEngine.StackTraceUtility:ExtractStackTrace ()
UnityEngine.DebugLogHandler:Internal_Log (UnityEngine.LogType,UnityEngine.LogOption,string,UnityEngine.Object)
UnityEngine.DebugLogHandler:LogFormat (UnityEngine.LogType,UnityEngine.Object,string,object[])
UnityEngine.Logger:Log (UnityEngine.LogType,object)
UnityEngine.Debug:Log (object)
LTW.UnityClient.Editor.VisualReviewCaptureRunner:WriteImmediateCapture (string,string,System.Nullable`1<int>,System.Nullable`1<int>) (at Assets/Editor/VisualReviewCaptureRunner.cs:1063)
LTW.UnityClient.Editor.VisualReviewCaptureRunner:QueueCapture (string) (at Assets/Editor/VisualReviewCaptureRunner.cs:986)
LTW.UnityClient.Editor.VisualReviewCaptureRunner:Update () (at Assets/Editor/VisualReviewCaptureRunner.cs:231)
UnityEditor.EditorApplication:Internal_CallUpdateFunctions ()

(Filename: Assets/Editor/VisualReviewCaptureRunner.cs Line: 1063)

Saved visual review capture C:\Voucher-Management\vouchermanagement\LTW\docs\screenshot-reviews\mobile-art-ui-board-reference-promotion-pass\mobile-art-ui-board-reference-promotion-pass\after\phone-tall-portrait\03-build-card-selected.png
UnityEngine.Debug:ExtractStackTraceNoAlloc (byte*,int,string)
UnityEngine.StackTraceUtility:ExtractStackTrace ()
UnityEngine.DebugLogHandler:Internal_Log (UnityEngine.LogType,UnityEngine.LogOption,string,UnityEngine.Object)
UnityEngine.DebugLogHandler:LogFormat (UnityEngine.LogType,UnityEngine.Object,string,object[])
UnityEngine.Logger:Log (UnityEngine.LogType,object)
UnityEngine.Debug:Log (object)
LTW.UnityClient.Editor.VisualReviewCaptureRunner:WriteImmediateCapture (string,string,System.Nullable`1<int>,System.Nullable`1<int>) (at Assets/Editor/VisualReviewCaptureRunner.cs:1063)
LTW.UnityClient.Editor.VisualReviewCaptureRunner:QueueCapture (string) (at Assets/Editor/VisualReviewCaptureRunner.cs:986)
LTW.UnityClient.Editor.VisualReviewCaptureRunner:Update () (at Assets/Editor/VisualReviewCaptureRunner.cs:231)
UnityEditor.EditorApplication:Internal_CallUpdateFunctions ()

(Filename: Assets/Editor/VisualReviewCaptureRunner.cs Line: 1063)

Saved visual review capture C:\Voucher-Management\vouchermanagement\LTW\docs\screenshot-reviews\mobile-art-ui-board-reference-promotion-pass\mobile-art-ui-board-reference-promotion-pass\after\phone-safe-area-portrait\03-build-card-selected.png
UnityEngine.Debug:ExtractStackTraceNoAlloc (byte*,int,string)
UnityEngine.StackTraceUtility:ExtractStackTrace ()
UnityEngine.DebugLogHandler:Internal_Log (UnityEngine.LogType,UnityEngine.LogOption,string,UnityEngine.Object)
UnityEngine.DebugLogHandler:LogFormat (UnityEngine.LogType,UnityEngine.Object,string,object[])
UnityEngine.Logger:Log (UnityEngine.LogType,object)
UnityEngine.Debug:Log (object)
LTW.UnityClient.Editor.VisualReviewCaptureRunner:WriteImmediateCapture (string,string,System.Nullable`1<int>,System.Nullable`1<int>) (at Assets/Editor/VisualReviewCaptureRunner.cs:1063)
LTW.UnityClient.Editor.VisualReviewCaptureRunner:QueueCapture (string) (at Assets/Editor/VisualReviewCaptureRunner.cs:986)
LTW.UnityClient.Editor.VisualReviewCaptureRunner:Update () (at Assets/Editor/VisualReviewCaptureRunner.cs:231)
UnityEditor.EditorApplication:Internal_CallUpdateFunctions ()

(Filename: Assets/Editor/VisualReviewCaptureRunner.cs Line: 1063)

Saved visual review capture C:\Voucher-Management\vouchermanagement\LTW\docs\screenshot-reviews\mobile-art-ui-board-reference-promotion-pass\mobile-art-ui-board-reference-promotion-pass\after\phone-small-portrait\04-send-menu-open.png
UnityEngine.Debug:ExtractStackTraceNoAlloc (byte*,int,string)
UnityEngine.StackTraceUtility:ExtractStackTrace ()
UnityEngine.DebugLogHandler:Internal_Log (UnityEngine.LogType,UnityEngine.LogOption,string,UnityEngine.Object)
UnityEngine.DebugLogHandler:LogFormat (UnityEngine.LogType,UnityEngine.Object,string,object[])
UnityEngine.Logger:Log (UnityEngine.LogType,object)
UnityEngine.Debug:Log (object)
LTW.UnityClient.Editor.VisualReviewCaptureRunner:WriteImmediateCapture (string,string,System.Nullable`1<int>,System.Nullable`1<int>) (at Assets/Editor/VisualReviewCaptureRunner.cs:1063)
LTW.UnityClient.Editor.VisualReviewCaptureRunner:QueueCapture (string) (at Assets/Editor/VisualReviewCaptureRunner.cs:986)
LTW.UnityClient.Editor.VisualReviewCaptureRunner:Update () (at Assets/Editor/VisualReviewCaptureRunner.cs:231)
UnityEditor.EditorApplication:Internal_CallUpdateFunctions ()

(Filename: Assets/Editor/VisualReviewCaptureRunner.cs Line: 1063)

Saved visual review capture C:\Voucher-Management\vouchermanagement\LTW\docs\screenshot-reviews\mobile-art-ui-board-reference-promotion-pass\mobile-art-ui-board-reference-promotion-pass\after\phone-standard-portrait\04-send-menu-open.png
UnityEngine.Debug:ExtractStackTraceNoAlloc (byte*,int,string)
UnityEngine.StackTraceUtility:ExtractStackTrace ()
UnityEngine.DebugLogHandler:Internal_Log (UnityEngine.LogType,UnityEngine.LogOption,string,UnityEngine.Object)
UnityEngine.DebugLogHandler:LogFormat (UnityEngine.LogType,UnityEngine.Object,string,object[])
UnityEngine.Logger:Log (UnityEngine.LogType,object)
UnityEngine.Debug:Log (object)
LTW.UnityClient.Editor.VisualReviewCaptureRunner:WriteImmediateCapture (string,string,System.Nullable`1<int>,System.Nullable`1<int>) (at Assets/Editor/VisualReviewCaptureRunner.cs:1063)
LTW.UnityClient.Editor.VisualReviewCaptureRunner:QueueCapture (string) (at Assets/Editor/VisualReviewCaptureRunner.cs:986)
LTW.UnityClient.Editor.VisualReviewCaptureRunner:Update () (at Assets/Editor/VisualReviewCaptureRunner.cs:231)
UnityEditor.EditorApplication:Internal_CallUpdateFunctions ()

(Filename: Assets/Editor/VisualReviewCaptureRunner.cs Line: 1063)

Saved visual review capture C:\Voucher-Management\vouchermanagement\LTW\docs\screenshot-reviews\mobile-art-ui-board-reference-promotion-pass\mobile-art-ui-board-reference-promotion-pass\after\phone-tall-portrait\04-send-menu-open.png
UnityEngine.Debug:ExtractStackTraceNoAlloc (byte*,int,string)
UnityEngine.StackTraceUtility:ExtractStackTrace ()
UnityEngine.DebugLogHandler:Internal_Log (UnityEngine.LogType,UnityEngine.LogOption,string,UnityEngine.Object)
UnityEngine.DebugLogHandler:LogFormat (UnityEngine.LogType,UnityEngine.Object,string,object[])
UnityEngine.Logger:Log (UnityEngine.LogType,object)
UnityEngine.Debug:Log (object)
LTW.UnityClient.Editor.VisualReviewCaptureRunner:WriteImmediateCapture (string,string,System.Nullable`1<int>,System.Nullable`1<int>) (at Assets/Editor/VisualReviewCaptureRunner.cs:1063)
LTW.UnityClient.Editor.VisualReviewCaptureRunner:QueueCapture (string) (at Assets/Editor/VisualReviewCaptureRunner.cs:986)
LTW.UnityClient.Editor.VisualReviewCaptureRunner:Update () (at Assets/Editor/VisualReviewCaptureRunner.cs:231)
UnityEditor.EditorApplication:Internal_CallUpdateFunctions ()

(Filename: Assets/Editor/VisualReviewCaptureRunner.cs Line: 1063)

Saved visual review capture C:\Voucher-Management\vouchermanagement\LTW\docs\screenshot-reviews\mobile-art-ui-board-reference-promotion-pass\mobile-art-ui-board-reference-promotion-pass\after\phone-safe-area-portrait\04-send-menu-open.png
UnityEngine.Debug:ExtractStackTraceNoAlloc (byte*,int,string)
UnityEngine.StackTraceUtility:ExtractStackTrace ()
UnityEngine.DebugLogHandler:Internal_Log (UnityEngine.LogType,UnityEngine.LogOption,string,UnityEngine.Object)
UnityEngine.DebugLogHandler:LogFormat (UnityEngine.LogType,UnityEngine.Object,string,object[])
UnityEngine.Logger:Log (UnityEngine.LogType,object)
UnityEngine.Debug:Log (object)
LTW.UnityClient.Editor.VisualReviewCaptureRunner:WriteImmediateCapture (string,string,System.Nullable`1<int>,System.Nullable`1<int>) (at Assets/Editor/VisualReviewCaptureRunner.cs:1063)
LTW.UnityClient.Editor.VisualReviewCaptureRunner:QueueCapture (string) (at Assets/Editor/VisualReviewCaptureRunner.cs:986)
LTW.UnityClient.Editor.VisualReviewCaptureRunner:Update () (at Assets/Editor/VisualReviewCaptureRunner.cs:231)
UnityEditor.EditorApplication:Internal_CallUpdateFunctions ()

(Filename: Assets/Editor/VisualReviewCaptureRunner.cs Line: 1063)

Saved visual review capture C:\Voucher-Management\vouchermanagement\LTW\docs\screenshot-reviews\mobile-art-ui-board-reference-promotion-pass\mobile-art-ui-board-reference-promotion-pass\after\phone-small-portrait\05-send-card-disabled.png
UnityEngine.Debug:ExtractStackTraceNoAlloc (byte*,int,string)
UnityEngine.StackTraceUtility:ExtractStackTrace ()
UnityEngine.DebugLogHandler:Internal_Log (UnityEngine.LogType,UnityEngine.LogOption,string,UnityEngine.Object)
UnityEngine.DebugLogHandler:LogFormat (UnityEngine.LogType,UnityEngine.Object,string,object[])
UnityEngine.Logger:Log (UnityEngine.LogType,object)
UnityEngine.Debug:Log (object)
LTW.UnityClient.Editor.VisualReviewCaptureRunner:WriteImmediateCapture (string,string,System.Nullable`1<int>,System.Nullable`1<int>) (at Assets/Editor/VisualReviewCaptureRunner.cs:1063)
LTW.UnityClient.Editor.VisualReviewCaptureRunner:QueueCapture (string) (at Assets/Editor/VisualReviewCaptureRunner.cs:986)
LTW.UnityClient.Editor.VisualReviewCaptureRunner:Update () (at Assets/Editor/VisualReviewCaptureRunner.cs:231)
UnityEditor.EditorApplication:Internal_CallUpdateFunctions ()

(Filename: Assets/Editor/VisualReviewCaptureRunner.cs Line: 1063)

Saved visual review capture C:\Voucher-Management\vouchermanagement\LTW\docs\screenshot-reviews\mobile-art-ui-board-reference-promotion-pass\mobile-art-ui-board-reference-promotion-pass\after\phone-standard-portrait\05-send-card-disabled.png
UnityEngine.Debug:ExtractStackTraceNoAlloc (byte*,int,string)
UnityEngine.StackTraceUtility:ExtractStackTrace ()
UnityEngine.DebugLogHandler:Internal_Log (UnityEngine.LogType,UnityEngine.LogOption,string,UnityEngine.Object)
UnityEngine.DebugLogHandler:LogFormat (UnityEngine.LogType,UnityEngine.Object,string,object[])
UnityEngine.Logger:Log (UnityEngine.LogType,object)
UnityEngine.Debug:Log (object)
LTW.UnityClient.Editor.VisualReviewCaptureRunner:WriteImmediateCapture (string,string,System.Nullable`1<int>,System.Nullable`1<int>) (at Assets/Editor/VisualReviewCaptureRunner.cs:1063)
LTW.UnityClient.Editor.VisualReviewCaptureRunner:QueueCapture (string) (at Assets/Editor/VisualReviewCaptureRunner.cs:986)
LTW.UnityClient.Editor.VisualReviewCaptureRunner:Update () (at Assets/Editor/VisualReviewCaptureRunner.cs:231)
UnityEditor.EditorApplication:Internal_CallUpdateFunctions ()

(Filename: Assets/Editor/VisualReviewCaptureRunner.cs Line: 1063)

Saved visual review capture C:\Voucher-Management\vouchermanagement\LTW\docs\screenshot-reviews\mobile-art-ui-board-reference-promotion-pass\mobile-art-ui-board-reference-promotion-pass\after\phone-tall-portrait\05-send-card-disabled.png
UnityEngine.Debug:ExtractStackTraceNoAlloc (byte*,int,string)
UnityEngine.StackTraceUtility:ExtractStackTrace ()
UnityEngine.DebugLogHandler:Internal_Log (UnityEngine.LogType,UnityEngine.LogOption,string,UnityEngine.Object)
UnityEngine.DebugLogHandler:LogFormat (UnityEngine.LogType,UnityEngine.Object,string,object[])
UnityEngine.Logger:Log (UnityEngine.LogType,object)
UnityEngine.Debug:Log (object)
LTW.UnityClient.Editor.VisualReviewCaptureRunner:WriteImmediateCapture (string,string,System.Nullable`1<int>,System.Nullable`1<int>) (at Assets/Editor/VisualReviewCaptureRunner.cs:1063)
LTW.UnityClient.Editor.VisualReviewCaptureRunner:QueueCapture (string) (at Assets/Editor/VisualReviewCaptureRunner.cs:986)
LTW.UnityClient.Editor.VisualReviewCaptureRunner:Update () (at Assets/Editor/VisualReviewCaptureRunner.cs:231)
UnityEditor.EditorApplication:Internal_CallUpdateFunctions ()

(Filename: Assets/Editor/VisualReviewCaptureRunner.cs Line: 1063)

Saved visual review capture C:\Voucher-Management\vouchermanagement\LTW\docs\screenshot-reviews\mobile-art-ui-board-reference-promotion-pass\mobile-art-ui-board-reference-promotion-pass\after\phone-safe-area-portrait\05-send-card-disabled.png
UnityEngine.Debug:ExtractStackTraceNoAlloc (byte*,int,string)
UnityEngine.StackTraceUtility:ExtractStackTrace ()
UnityEngine.DebugLogHandler:Internal_Log (UnityEngine.LogType,UnityEngine.LogOption,string,UnityEngine.Object)
UnityEngine.DebugLogHandler:LogFormat (UnityEngine.LogType,UnityEngine.Object,string,object[])
UnityEngine.Logger:Log (UnityEngine.LogType,object)
UnityEngine.Debug:Log (object)
LTW.UnityClient.Editor.VisualReviewCaptureRunner:WriteImmediateCapture (string,string,System.Nullable`1<int>,System.Nullable`1<int>) (at Assets/Editor/VisualReviewCaptureRunner.cs:1063)
LTW.UnityClient.Editor.VisualReviewCaptureRunner:QueueCapture (string) (at Assets/Editor/VisualReviewCaptureRunner.cs:986)
LTW.UnityClient.Editor.VisualReviewCaptureRunner:Update () (at Assets/Editor/VisualReviewCaptureRunner.cs:231)
UnityEditor.EditorApplication:Internal_CallUpdateFunctions ()

(Filename: Assets/Editor/VisualReviewCaptureRunner.cs Line: 1063)

Saved visual review capture C:\Voucher-Management\vouchermanagement\LTW\docs\screenshot-reviews\mobile-art-ui-board-reference-promotion-pass\mobile-art-ui-board-reference-promotion-pass\after\phone-small-portrait\06-lane-selector-open.png
UnityEngine.Debug:ExtractStackTraceNoAlloc (byte*,int,string)
UnityEngine.StackTraceUtility:ExtractStackTrace ()
UnityEngine.DebugLogHandler:Internal_Log (UnityEngine.LogType,UnityEngine.LogOption,string,UnityEngine.Object)
UnityEngine.DebugLogHandler:LogFormat (UnityEngine.LogType,UnityEngine.Object,string,object[])
UnityEngine.Logger:Log (UnityEngine.LogType,object)
UnityEngine.Debug:Log (object)
LTW.UnityClient.Editor.VisualReviewCaptureRunner:WriteImmediateCapture (string,string,System.Nullable`1<int>,System.Nullable`1<int>) (at Assets/Editor/VisualReviewCaptureRunner.cs:1063)
LTW.UnityClient.Editor.VisualReviewCaptureRunner:QueueCapture (string) (at Assets/Editor/VisualReviewCaptureRunner.cs:986)
LTW.UnityClient.Editor.VisualReviewCaptureRunner:Update () (at Assets/Editor/VisualReviewCaptureRunner.cs:231)
UnityEditor.EditorApplication:Internal_CallUpdateFunctions ()

(Filename: Assets/Editor/VisualReviewCaptureRunner.cs Line: 1063)

Saved visual review capture C:\Voucher-Management\vouchermanagement\LTW\docs\screenshot-reviews\mobile-art-ui-board-reference-promotion-pass\mobile-art-ui-board-reference-promotion-pass\after\phone-standard-portrait\06-lane-selector-open.png
UnityEngine.Debug:ExtractStackTraceNoAlloc (byte*,int,string)
UnityEngine.StackTraceUtility:ExtractStackTrace ()
UnityEngine.DebugLogHandler:Internal_Log (UnityEngine.LogType,UnityEngine.LogOption,string,UnityEngine.Object)
UnityEngine.DebugLogHandler:LogFormat (UnityEngine.LogType,UnityEngine.Object,string,object[])
UnityEngine.Logger:Log (UnityEngine.LogType,object)
UnityEngine.Debug:Log (object)
LTW.UnityClient.Editor.VisualReviewCaptureRunner:WriteImmediateCapture (string,string,System.Nullable`1<int>,System.Nullable`1<int>) (at Assets/Editor/VisualReviewCaptureRunner.cs:1063)
LTW.UnityClient.Editor.VisualReviewCaptureRunner:QueueCapture (string) (at Assets/Editor/VisualReviewCaptureRunner.cs:986)
LTW.UnityClient.Editor.VisualReviewCaptureRunner:Update () (at Assets/Editor/VisualReviewCaptureRunner.cs:231)
UnityEditor.EditorApplication:Internal_CallUpdateFunctions ()

(Filename: Assets/Editor/VisualReviewCaptureRunner.cs Line: 1063)

Saved visual review capture C:\Voucher-Management\vouchermanagement\LTW\docs\screenshot-reviews\mobile-art-ui-board-reference-promotion-pass\mobile-art-ui-board-reference-promotion-pass\after\phone-tall-portrait\06-lane-selector-open.png
UnityEngine.Debug:ExtractStackTraceNoAlloc (byte*,int,string)
UnityEngine.StackTraceUtility:ExtractStackTrace ()
UnityEngine.DebugLogHandler:Internal_Log (UnityEngine.LogType,UnityEngine.LogOption,string,UnityEngine.Object)
UnityEngine.DebugLogHandler:LogFormat (UnityEngine.LogType,UnityEngine.Object,string,object[])
UnityEngine.Logger:Log (UnityEngine.LogType,object)
UnityEngine.Debug:Log (object)
LTW.UnityClient.Editor.VisualReviewCaptureRunner:WriteImmediateCapture (string,string,System.Nullable`1<int>,System.Nullable`1<int>) (at Assets/Editor/VisualReviewCaptureRunner.cs:1063)
LTW.UnityClient.Editor.VisualReviewCaptureRunner:QueueCapture (string) (at Assets/Editor/VisualReviewCaptureRunner.cs:986)
LTW.UnityClient.Editor.VisualReviewCaptureRunner:Update () (at Assets/Editor/VisualReviewCaptureRunner.cs:231)
UnityEditor.EditorApplication:Internal_CallUpdateFunctions ()

(Filename: Assets/Editor/VisualReviewCaptureRunner.cs Line: 1063)

Saved visual review capture C:\Voucher-Management\vouchermanagement\LTW\docs\screenshot-reviews\mobile-art-ui-board-reference-promotion-pass\mobile-art-ui-board-reference-promotion-pass\after\phone-safe-area-portrait\06-lane-selector-open.png
UnityEngine.Debug:ExtractStackTraceNoAlloc (byte*,int,string)
UnityEngine.StackTraceUtility:ExtractStackTrace ()
UnityEngine.DebugLogHandler:Internal_Log (UnityEngine.LogType,UnityEngine.LogOption,string,UnityEngine.Object)
UnityEngine.DebugLogHandler:LogFormat (UnityEngine.LogType,UnityEngine.Object,string,object[])
UnityEngine.Logger:Log (UnityEngine.LogType,object)
UnityEngine.Debug:Log (object)
LTW.UnityClient.Editor.VisualReviewCaptureRunner:WriteImmediateCapture (string,string,System.Nullable`1<int>,System.Nullable`1<int>) (at Assets/Editor/VisualReviewCaptureRunner.cs:1063)
LTW.UnityClient.Editor.VisualReviewCaptureRunner:QueueCapture (string) (at Assets/Editor/VisualReviewCaptureRunner.cs:986)
LTW.UnityClient.Editor.VisualReviewCaptureRunner:Update () (at Assets/Editor/VisualReviewCaptureRunner.cs:231)
UnityEditor.EditorApplication:Internal_CallUpdateFunctions ()

(Filename: Assets/Editor/VisualReviewCaptureRunner.cs Line: 1063)

LTW role lineup accepted: reduced effects Arrow tower
UnityEngine.Debug:ExtractStackTraceNoAlloc (byte*,int,string)
UnityEngine.StackTraceUtility:ExtractStackTrace ()
UnityEngine.DebugLogHandler:Internal_Log (UnityEngine.LogType,UnityEngine.LogOption,string,UnityEngine.Object)
UnityEngine.DebugLogHandler:LogFormat (UnityEngine.LogType,UnityEngine.Object,string,object[])
UnityEngine.Logger:Log (UnityEngine.LogType,object)
UnityEngine.Debug:Log (object)
LTW.UnityClient.Editor.VisualReviewCaptureRunner:LogCommandResult (string,LTW.Simulation.Bridge.VerticalSliceCommandResult) (at Assets/Editor/VisualReviewCaptureRunner.cs:948)
LTW.UnityClient.Editor.VisualReviewCaptureRunner:StartCombat (LTW.UnityClient.Simulation.UnitySimulationDriver,LTW.UnityClient.Simulation.UnityCommandAdapter) (at Assets/Editor/VisualReviewCaptureRunner.cs:530)
LTW.UnityClient.Editor.VisualReviewCaptureRunner:Update () (at Assets/Editor/VisualReviewCaptureRunner.cs:311)
UnityEditor.EditorApplication:Internal_CallUpdateFunctions ()

(Filename: Assets/Editor/VisualReviewCaptureRunner.cs Line: 948)

LTW role lineup accepted: reduced effects Control tower
UnityEngine.Debug:ExtractStackTraceNoAlloc (byte*,int,string)
UnityEngine.StackTraceUtility:ExtractStackTrace ()
UnityEngine.DebugLogHandler:Internal_Log (UnityEngine.LogType,UnityEngine.LogOption,string,UnityEngine.Object)
UnityEngine.DebugLogHandler:LogFormat (UnityEngine.LogType,UnityEngine.Object,string,object[])
UnityEngine.Logger:Log (UnityEngine.LogType,object)
UnityEngine.Debug:Log (object)
LTW.UnityClient.Editor.VisualReviewCaptureRunner:LogCommandResult (string,LTW.Simulation.Bridge.VerticalSliceCommandResult) (at Assets/Editor/VisualReviewCaptureRunner.cs:948)
LTW.UnityClient.Editor.VisualReviewCaptureRunner:StartCombat (LTW.UnityClient.Simulation.UnitySimulationDriver,LTW.UnityClient.Simulation.UnityCommandAdapter) (at Assets/Editor/VisualReviewCaptureRunner.cs:531)
LTW.UnityClient.Editor.VisualReviewCaptureRunner:Update () (at Assets/Editor/VisualReviewCaptureRunner.cs:311)
UnityEditor.EditorApplication:Internal_CallUpdateFunctions ()

(Filename: Assets/Editor/VisualReviewCaptureRunner.cs Line: 948)

LTW role lineup accepted: reduced effects Runner pressure
UnityEngine.Debug:ExtractStackTraceNoAlloc (byte*,int,string)
UnityEngine.StackTraceUtility:ExtractStackTrace ()
UnityEngine.DebugLogHandler:Internal_Log (UnityEngine.LogType,UnityEngine.LogOption,string,UnityEngine.Object)
UnityEngine.DebugLogHandler:LogFormat (UnityEngine.LogType,UnityEngine.Object,string,object[])
UnityEngine.Logger:Log (UnityEngine.LogType,object)
UnityEngine.Debug:Log (object)
LTW.UnityClient.Editor.VisualReviewCaptureRunner:LogCommandResult (string,LTW.Simulation.Bridge.VerticalSliceCommandResult) (at Assets/Editor/VisualReviewCaptureRunner.cs:948)
LTW.UnityClient.Editor.VisualReviewCaptureRunner:StartCombat (LTW.UnityClient.Simulation.UnitySimulationDriver,LTW.UnityClient.Simulation.UnityCommandAdapter) (at Assets/Editor/VisualReviewCaptureRunner.cs:532)
LTW.UnityClient.Editor.VisualReviewCaptureRunner:Update () (at Assets/Editor/VisualReviewCaptureRunner.cs:311)
UnityEditor.EditorApplication:Internal_CallUpdateFunctions ()

(Filename: Assets/Editor/VisualReviewCaptureRunner.cs Line: 948)

LTW role lineup accepted: reduced effects Brute pressure
UnityEngine.Debug:ExtractStackTraceNoAlloc (byte*,int,string)
UnityEngine.StackTraceUtility:ExtractStackTrace ()
UnityEngine.DebugLogHandler:Internal_Log (UnityEngine.LogType,UnityEngine.LogOption,string,UnityEngine.Object)
UnityEngine.DebugLogHandler:LogFormat (UnityEngine.LogType,UnityEngine.Object,string,object[])
UnityEngine.Logger:Log (UnityEngine.LogType,object)
UnityEngine.Debug:Log (object)
LTW.UnityClient.Editor.VisualReviewCaptureRunner:LogCommandResult (string,LTW.Simulation.Bridge.VerticalSliceCommandResult) (at Assets/Editor/VisualReviewCaptureRunner.cs:948)
LTW.UnityClient.Editor.VisualReviewCaptureRunner:StartCombat (LTW.UnityClient.Simulation.UnitySimulationDriver,LTW.UnityClient.Simulation.UnityCommandAdapter) (at Assets/Editor/VisualReviewCaptureRunner.cs:533)
LTW.UnityClient.Editor.VisualReviewCaptureRunner:Update () (at Assets/Editor/VisualReviewCaptureRunner.cs:311)
UnityEditor.EditorApplication:Internal_CallUpdateFunctions ()

(Filename: Assets/Editor/VisualReviewCaptureRunner.cs Line: 948)

LTW role lineup accepted: reduced effects Swarm pressure
UnityEngine.Debug:ExtractStackTraceNoAlloc (byte*,int,string)
UnityEngine.StackTraceUtility:ExtractStackTrace ()
UnityEngine.DebugLogHandler:Internal_Log (UnityEngine.LogType,UnityEngine.LogOption,string,UnityEngine.Object)
UnityEngine.DebugLogHandler:LogFormat (UnityEngine.LogType,UnityEngine.Object,string,object[])
UnityEngine.Logger:Log (UnityEngine.LogType,object)
UnityEngine.Debug:Log (object)
LTW.UnityClient.Editor.VisualReviewCaptureRunner:LogCommandResult (string,LTW.Simulation.Bridge.VerticalSliceCommandResult) (at Assets/Editor/VisualReviewCaptureRunner.cs:948)
LTW.UnityClient.Editor.VisualReviewCaptureRunner:StartCombat (LTW.UnityClient.Simulation.UnitySimulationDriver,LTW.UnityClient.Simulation.UnityCommandAdapter) (at Assets/Editor/VisualReviewCaptureRunner.cs:534)
LTW.UnityClient.Editor.VisualReviewCaptureRunner:Update () (at Assets/Editor/VisualReviewCaptureRunner.cs:311)
UnityEditor.EditorApplication:Internal_CallUpdateFunctions ()

(Filename: Assets/Editor/VisualReviewCaptureRunner.cs Line: 948)

Saved visual review capture C:\Voucher-Management\vouchermanagement\LTW\docs\screenshot-reviews\mobile-art-ui-board-reference-promotion-pass\mobile-art-ui-board-reference-promotion-pass\after\phone-small-portrait\07-active-combat.png
UnityEngine.Debug:ExtractStackTraceNoAlloc (byte*,int,string)
UnityEngine.StackTraceUtility:ExtractStackTrace ()
UnityEngine.DebugLogHandler:Internal_Log (UnityEngine.LogType,UnityEngine.LogOption,string,UnityEngine.Object)
UnityEngine.DebugLogHandler:LogFormat (UnityEngine.LogType,UnityEngine.Object,string,object[])
UnityEngine.Logger:Log (UnityEngine.LogType,object)
UnityEngine.Debug:Log (object)
LTW.UnityClient.Editor.VisualReviewCaptureRunner:WriteImmediateCapture (string,string,System.Nullable`1<int>,System.Nullable`1<int>) (at Assets/Editor/VisualReviewCaptureRunner.cs:1063)
LTW.UnityClient.Editor.VisualReviewCaptureRunner:QueueCapture (string) (at Assets/Editor/VisualReviewCaptureRunner.cs:986)
LTW.UnityClient.Editor.VisualReviewCaptureRunner:Update () (at Assets/Editor/VisualReviewCaptureRunner.cs:231)
UnityEditor.EditorApplication:Internal_CallUpdateFunctions ()

(Filename: Assets/Editor/VisualReviewCaptureRunner.cs Line: 1063)

Saved visual review capture C:\Voucher-Management\vouchermanagement\LTW\docs\screenshot-reviews\mobile-art-ui-board-reference-promotion-pass\mobile-art-ui-board-reference-promotion-pass\after\phone-standard-portrait\07-active-combat.png
UnityEngine.Debug:ExtractStackTraceNoAlloc (byte*,int,string)
UnityEngine.StackTraceUtility:ExtractStackTrace ()
UnityEngine.DebugLogHandler:Internal_Log (UnityEngine.LogType,UnityEngine.LogOption,string,UnityEngine.Object)
UnityEngine.DebugLogHandler:LogFormat (UnityEngine.LogType,UnityEngine.Object,string,object[])
UnityEngine.Logger:Log (UnityEngine.LogType,object)
UnityEngine.Debug:Log (object)
LTW.UnityClient.Editor.VisualReviewCaptureRunner:WriteImmediateCapture (string,string,System.Nullable`1<int>,System.Nullable`1<int>) (at Assets/Editor/VisualReviewCaptureRunner.cs:1063)
LTW.UnityClient.Editor.VisualReviewCaptureRunner:QueueCapture (string) (at Assets/Editor/VisualReviewCaptureRunner.cs:986)
LTW.UnityClient.Editor.VisualReviewCaptureRunner:Update () (at Assets/Editor/VisualReviewCaptureRunner.cs:231)
UnityEditor.EditorApplication:Internal_CallUpdateFunctions ()

(Filename: Assets/Editor/VisualReviewCaptureRunner.cs Line: 1063)

Saved visual review capture C:\Voucher-Management\vouchermanagement\LTW\docs\screenshot-reviews\mobile-art-ui-board-reference-promotion-pass\mobile-art-ui-board-reference-promotion-pass\after\phone-tall-portrait\07-active-combat.png
UnityEngine.Debug:ExtractStackTraceNoAlloc (byte*,int,string)
UnityEngine.StackTraceUtility:ExtractStackTrace ()
UnityEngine.DebugLogHandler:Internal_Log (UnityEngine.LogType,UnityEngine.LogOption,string,UnityEngine.Object)
UnityEngine.DebugLogHandler:LogFormat (UnityEngine.LogType,UnityEngine.Object,string,object[])
UnityEngine.Logger:Log (UnityEngine.LogType,object)
UnityEngine.Debug:Log (object)
LTW.UnityClient.Editor.VisualReviewCaptureRunner:WriteImmediateCapture (string,string,System.Nullable`1<int>,System.Nullable`1<int>) (at Assets/Editor/VisualReviewCaptureRunner.cs:1063)
LTW.UnityClient.Editor.VisualReviewCaptureRunner:QueueCapture (string) (at Assets/Editor/VisualReviewCaptureRunner.cs:986)
LTW.UnityClient.Editor.VisualReviewCaptureRunner:Update () (at Assets/Editor/VisualReviewCaptureRunner.cs:231)
UnityEditor.EditorApplication:Internal_CallUpdateFunctions ()

(Filename: Assets/Editor/VisualReviewCaptureRunner.cs Line: 1063)

Saved visual review capture C:\Voucher-Management\vouchermanagement\LTW\docs\screenshot-reviews\mobile-art-ui-board-reference-promotion-pass\mobile-art-ui-board-reference-promotion-pass\after\phone-safe-area-portrait\07-active-combat.png
UnityEngine.Debug:ExtractStackTraceNoAlloc (byte*,int,string)
UnityEngine.StackTraceUtility:ExtractStackTrace ()
UnityEngine.DebugLogHandler:Internal_Log (UnityEngine.LogType,UnityEngine.LogOption,string,UnityEngine.Object)
UnityEngine.DebugLogHandler:LogFormat (UnityEngine.LogType,UnityEngine.Object,string,object[])
UnityEngine.Logger:Log (UnityEngine.LogType,object)
UnityEngine.Debug:Log (object)
LTW.UnityClient.Editor.VisualReviewCaptureRunner:WriteImmediateCapture (string,string,System.Nullable`1<int>,System.Nullable`1<int>) (at Assets/Editor/VisualReviewCaptureRunner.cs:1063)
LTW.UnityClient.Editor.VisualReviewCaptureRunner:QueueCapture (string) (at Assets/Editor/VisualReviewCaptureRunner.cs:986)
LTW.UnityClient.Editor.VisualReviewCaptureRunner:Update () (at Assets/Editor/VisualReviewCaptureRunner.cs:231)
UnityEditor.EditorApplication:Internal_CallUpdateFunctions ()

(Filename: Assets/Editor/VisualReviewCaptureRunner.cs Line: 1063)

LTW role lineup accepted: canonical runner x10
UnityEngine.Debug:ExtractStackTraceNoAlloc (byte*,int,string)
UnityEngine.StackTraceUtility:ExtractStackTrace ()
UnityEngine.DebugLogHandler:Internal_Log (UnityEngine.LogType,UnityEngine.LogOption,string,UnityEngine.Object)
UnityEngine.DebugLogHandler:LogFormat (UnityEngine.LogType,UnityEngine.Object,string,object[])
UnityEngine.Logger:Log (UnityEngine.LogType,object)
UnityEngine.Debug:Log (object)
LTW.UnityClient.Editor.VisualReviewCaptureRunner:LogCommandResult (string,LTW.Simulation.Bridge.VerticalSliceCommandResult) (at Assets/Editor/VisualReviewCaptureRunner.cs:948)
LTW.UnityClient.Editor.VisualReviewCaptureRunner:Update () (at Assets/Editor/VisualReviewCaptureRunner.cs:319)
UnityEditor.EditorApplication:Internal_CallUpdateFunctions ()

(Filename: Assets/Editor/VisualReviewCaptureRunner.cs Line: 948)

Saved visual review capture C:\Voucher-Management\vouchermanagement\LTW\docs\screenshot-reviews\mobile-art-ui-board-reference-promotion-pass\mobile-art-ui-board-reference-promotion-pass\after\phone-small-portrait\08-runner-10-pressure.png
UnityEngine.Debug:ExtractStackTraceNoAlloc (byte*,int,string)
UnityEngine.StackTraceUtility:ExtractStackTrace ()
UnityEngine.DebugLogHandler:Internal_Log (UnityEngine.LogType,UnityEngine.LogOption,string,UnityEngine.Object)
UnityEngine.DebugLogHandler:LogFormat (UnityEngine.LogType,UnityEngine.Object,string,object[])
UnityEngine.Logger:Log (UnityEngine.LogType,object)
UnityEngine.Debug:Log (object)
LTW.UnityClient.Editor.VisualReviewCaptureRunner:WriteImmediateCapture (string,string,System.Nullable`1<int>,System.Nullable`1<int>) (at Assets/Editor/VisualReviewCaptureRunner.cs:1063)
LTW.UnityClient.Editor.VisualReviewCaptureRunner:QueueCapture (string) (at Assets/Editor/VisualReviewCaptureRunner.cs:986)
LTW.UnityClient.Editor.VisualReviewCaptureRunner:Update () (at Assets/Editor/VisualReviewCaptureRunner.cs:231)
UnityEditor.EditorApplication:Internal_CallUpdateFunctions ()

(Filename: Assets/Editor/VisualReviewCaptureRunner.cs Line: 1063)

Saved visual review capture C:\Voucher-Management\vouchermanagement\LTW\docs\screenshot-reviews\mobile-art-ui-board-reference-promotion-pass\mobile-art-ui-board-reference-promotion-pass\after\phone-standard-portrait\08-runner-10-pressure.png
UnityEngine.Debug:ExtractStackTraceNoAlloc (byte*,int,string)
UnityEngine.StackTraceUtility:ExtractStackTrace ()
UnityEngine.DebugLogHandler:Internal_Log (UnityEngine.LogType,UnityEngine.LogOption,string,UnityEngine.Object)
UnityEngine.DebugLogHandler:LogFormat (UnityEngine.LogType,UnityEngine.Object,string,object[])
UnityEngine.Logger:Log (UnityEngine.LogType,object)
UnityEngine.Debug:Log (object)
LTW.UnityClient.Editor.VisualReviewCaptureRunner:WriteImmediateCapture (string,string,System.Nullable`1<int>,System.Nullable`1<int>) (at Assets/Editor/VisualReviewCaptureRunner.cs:1063)
LTW.UnityClient.Editor.VisualReviewCaptureRunner:QueueCapture (string) (at Assets/Editor/VisualReviewCaptureRunner.cs:986)
LTW.UnityClient.Editor.VisualReviewCaptureRunner:Update () (at Assets/Editor/VisualReviewCaptureRunner.cs:231)
UnityEditor.EditorApplication:Internal_CallUpdateFunctions ()

(Filename: Assets/Editor/VisualReviewCaptureRunner.cs Line: 1063)

Saved visual review capture C:\Voucher-Management\vouchermanagement\LTW\docs\screenshot-reviews\mobile-art-ui-board-reference-promotion-pass\mobile-art-ui-board-reference-promotion-pass\after\phone-tall-portrait\08-runner-10-pressure.png
UnityEngine.Debug:ExtractStackTraceNoAlloc (byte*,int,string)
UnityEngine.StackTraceUtility:ExtractStackTrace ()
UnityEngine.DebugLogHandler:Internal_Log (UnityEngine.LogType,UnityEngine.LogOption,string,UnityEngine.Object)
UnityEngine.DebugLogHandler:LogFormat (UnityEngine.LogType,UnityEngine.Object,string,object[])
UnityEngine.Logger:Log (UnityEngine.LogType,object)
UnityEngine.Debug:Log (object)
LTW.UnityClient.Editor.VisualReviewCaptureRunner:WriteImmediateCapture (string,string,System.Nullable`1<int>,System.Nullable`1<int>) (at Assets/Editor/VisualReviewCaptureRunner.cs:1063)
LTW.UnityClient.Editor.VisualReviewCaptureRunner:QueueCapture (string) (at Assets/Editor/VisualReviewCaptureRunner.cs:986)
LTW.UnityClient.Editor.VisualReviewCaptureRunner:Update () (at Assets/Editor/VisualReviewCaptureRunner.cs:231)
UnityEditor.EditorApplication:Internal_CallUpdateFunctions ()

(Filename: Assets/Editor/VisualReviewCaptureRunner.cs Line: 1063)

Saved visual review capture C:\Voucher-Management\vouchermanagement\LTW\docs\screenshot-reviews\mobile-art-ui-board-reference-promotion-pass\mobile-art-ui-board-reference-promotion-pass\after\phone-safe-area-portrait\08-runner-10-pressure.png
UnityEngine.Debug:ExtractStackTraceNoAlloc (byte*,int,string)
UnityEngine.StackTraceUtility:ExtractStackTrace ()
UnityEngine.DebugLogHandler:Internal_Log (UnityEngine.LogType,UnityEngine.LogOption,string,UnityEngine.Object)
UnityEngine.DebugLogHandler:LogFormat (UnityEngine.LogType,UnityEngine.Object,string,object[])
UnityEngine.Logger:Log (UnityEngine.LogType,object)
UnityEngine.Debug:Log (object)
LTW.UnityClient.Editor.VisualReviewCaptureRunner:WriteImmediateCapture (string,string,System.Nullable`1<int>,System.Nullable`1<int>) (at Assets/Editor/VisualReviewCaptureRunner.cs:1063)
LTW.UnityClient.Editor.VisualReviewCaptureRunner:QueueCapture (string) (at Assets/Editor/VisualReviewCaptureRunner.cs:986)
LTW.UnityClient.Editor.VisualReviewCaptureRunner:Update () (at Assets/Editor/VisualReviewCaptureRunner.cs:231)
UnityEditor.EditorApplication:Internal_CallUpdateFunctions ()

(Filename: Assets/Editor/VisualReviewCaptureRunner.cs Line: 1063)

LTW role lineup accepted: canonical swarm heavy
UnityEngine.Debug:ExtractStackTraceNoAlloc (byte*,int,string)
UnityEngine.StackTraceUtility:ExtractStackTrace ()
UnityEngine.DebugLogHandler:Internal_Log (UnityEngine.LogType,UnityEngine.LogOption,string,UnityEngine.Object)
UnityEngine.DebugLogHandler:LogFormat (UnityEngine.LogType,UnityEngine.Object,string,object[])
UnityEngine.Logger:Log (UnityEngine.LogType,object)
UnityEngine.Debug:Log (object)
LTW.UnityClient.Editor.VisualReviewCaptureRunner:LogCommandResult (string,LTW.Simulation.Bridge.VerticalSliceCommandResult) (at Assets/Editor/VisualReviewCaptureRunner.cs:948)
LTW.UnityClient.Editor.VisualReviewCaptureRunner:Update () (at Assets/Editor/VisualReviewCaptureRunner.cs:327)
UnityEditor.EditorApplication:Internal_CallUpdateFunctions ()

(Filename: Assets/Editor/VisualReviewCaptureRunner.cs Line: 948)

Saved visual review capture C:\Voucher-Management\vouchermanagement\LTW\docs\screenshot-reviews\mobile-art-ui-board-reference-promotion-pass\mobile-art-ui-board-reference-promotion-pass\after\phone-small-portrait\09-swarm-heavy-pressure.png
UnityEngine.Debug:ExtractStackTraceNoAlloc (byte*,int,string)
UnityEngine.StackTraceUtility:ExtractStackTrace ()
UnityEngine.DebugLogHandler:Internal_Log (UnityEngine.LogType,UnityEngine.LogOption,string,UnityEngine.Object)
UnityEngine.DebugLogHandler:LogFormat (UnityEngine.LogType,UnityEngine.Object,string,object[])
UnityEngine.Logger:Log (UnityEngine.LogType,object)
UnityEngine.Debug:Log (object)
LTW.UnityClient.Editor.VisualReviewCaptureRunner:WriteImmediateCapture (string,string,System.Nullable`1<int>,System.Nullable`1<int>) (at Assets/Editor/VisualReviewCaptureRunner.cs:1063)
LTW.UnityClient.Editor.VisualReviewCaptureRunner:QueueCapture (string) (at Assets/Editor/VisualReviewCaptureRunner.cs:986)
LTW.UnityClient.Editor.VisualReviewCaptureRunner:Update () (at Assets/Editor/VisualReviewCaptureRunner.cs:231)
UnityEditor.EditorApplication:Internal_CallUpdateFunctions ()

(Filename: Assets/Editor/VisualReviewCaptureRunner.cs Line: 1063)

Saved visual review capture C:\Voucher-Management\vouchermanagement\LTW\docs\screenshot-reviews\mobile-art-ui-board-reference-promotion-pass\mobile-art-ui-board-reference-promotion-pass\after\phone-standard-portrait\09-swarm-heavy-pressure.png
UnityEngine.Debug:ExtractStackTraceNoAlloc (byte*,int,string)
UnityEngine.StackTraceUtility:ExtractStackTrace ()
UnityEngine.DebugLogHandler:Internal_Log (UnityEngine.LogType,UnityEngine.LogOption,string,UnityEngine.Object)
UnityEngine.DebugLogHandler:LogFormat (UnityEngine.LogType,UnityEngine.Object,string,object[])
UnityEngine.Logger:Log (UnityEngine.LogType,object)
UnityEngine.Debug:Log (object)
LTW.UnityClient.Editor.VisualReviewCaptureRunner:WriteImmediateCapture (string,string,System.Nullable`1<int>,System.Nullable`1<int>) (at Assets/Editor/VisualReviewCaptureRunner.cs:1063)
LTW.UnityClient.Editor.VisualReviewCaptureRunner:QueueCapture (string) (at Assets/Editor/VisualReviewCaptureRunner.cs:986)
LTW.UnityClient.Editor.VisualReviewCaptureRunner:Update () (at Assets/Editor/VisualReviewCaptureRunner.cs:231)
UnityEditor.EditorApplication:Internal_CallUpdateFunctions ()

(Filename: Assets/Editor/VisualReviewCaptureRunner.cs Line: 1063)

Saved visual review capture C:\Voucher-Management\vouchermanagement\LTW\docs\screenshot-reviews\mobile-art-ui-board-reference-promotion-pass\mobile-art-ui-board-reference-promotion-pass\after\phone-tall-portrait\09-swarm-heavy-pressure.png
UnityEngine.Debug:ExtractStackTraceNoAlloc (byte*,int,string)
UnityEngine.StackTraceUtility:ExtractStackTrace ()
UnityEngine.DebugLogHandler:Internal_Log (UnityEngine.LogType,UnityEngine.LogOption,string,UnityEngine.Object)
UnityEngine.DebugLogHandler:LogFormat (UnityEngine.LogType,UnityEngine.Object,string,object[])
UnityEngine.Logger:Log (UnityEngine.LogType,object)
UnityEngine.Debug:Log (object)
LTW.UnityClient.Editor.VisualReviewCaptureRunner:WriteImmediateCapture (string,string,System.Nullable`1<int>,System.Nullable`1<int>) (at Assets/Editor/VisualReviewCaptureRunner.cs:1063)
LTW.UnityClient.Editor.VisualReviewCaptureRunner:QueueCapture (string) (at Assets/Editor/VisualReviewCaptureRunner.cs:986)
LTW.UnityClient.Editor.VisualReviewCaptureRunner:Update () (at Assets/Editor/VisualReviewCaptureRunner.cs:231)
UnityEditor.EditorApplication:Internal_CallUpdateFunctions ()

(Filename: Assets/Editor/VisualReviewCaptureRunner.cs Line: 1063)

Saved visual review capture C:\Voucher-Management\vouchermanagement\LTW\docs\screenshot-reviews\mobile-art-ui-board-reference-promotion-pass\mobile-art-ui-board-reference-promotion-pass\after\phone-safe-area-portrait\09-swarm-heavy-pressure.png
UnityEngine.Debug:ExtractStackTraceNoAlloc (byte*,int,string)
UnityEngine.StackTraceUtility:ExtractStackTrace ()
UnityEngine.DebugLogHandler:Internal_Log (UnityEngine.LogType,UnityEngine.LogOption,string,UnityEngine.Object)
UnityEngine.DebugLogHandler:LogFormat (UnityEngine.LogType,UnityEngine.Object,string,object[])
UnityEngine.Logger:Log (UnityEngine.LogType,object)
UnityEngine.Debug:Log (object)
LTW.UnityClient.Editor.VisualReviewCaptureRunner:WriteImmediateCapture (string,string,System.Nullable`1<int>,System.Nullable`1<int>) (at Assets/Editor/VisualReviewCaptureRunner.cs:1063)
LTW.UnityClient.Editor.VisualReviewCaptureRunner:QueueCapture (string) (at Assets/Editor/VisualReviewCaptureRunner.cs:986)
LTW.UnityClient.Editor.VisualReviewCaptureRunner:Update () (at Assets/Editor/VisualReviewCaptureRunner.cs:231)
UnityEditor.EditorApplication:Internal_CallUpdateFunctions ()

(Filename: Assets/Editor/VisualReviewCaptureRunner.cs Line: 1063)

TrimDiskCacheJob: Current cache size 0mb
Saved visual review capture C:\Voucher-Management\vouchermanagement\LTW\docs\screenshot-reviews\mobile-art-ui-board-reference-promotion-pass\mobile-art-ui-board-reference-promotion-pass\after\phone-small-portrait\10-heavy-pressure.png
UnityEngine.Debug:ExtractStackTraceNoAlloc (byte*,int,string)
UnityEngine.StackTraceUtility:ExtractStackTrace ()
UnityEngine.DebugLogHandler:Internal_Log (UnityEngine.LogType,UnityEngine.LogOption,string,UnityEngine.Object)
UnityEngine.DebugLogHandler:LogFormat (UnityEngine.LogType,UnityEngine.Object,string,object[])
UnityEngine.Logger:Log (UnityEngine.LogType,object)
UnityEngine.Debug:Log (object)
LTW.UnityClient.Editor.VisualReviewCaptureRunner:WriteImmediateCapture (string,string,System.Nullable`1<int>,System.Nullable`1<int>) (at Assets/Editor/VisualReviewCaptureRunner.cs:1063)
LTW.UnityClient.Editor.VisualReviewCaptureRunner:QueueCapture (string) (at Assets/Editor/VisualReviewCaptureRunner.cs:986)
LTW.UnityClient.Editor.VisualReviewCaptureRunner:Update () (at Assets/Editor/VisualReviewCaptureRunner.cs:231)
UnityEditor.EditorApplication:Internal_CallUpdateFunctions ()

(Filename: Assets/Editor/VisualReviewCaptureRunner.cs Line: 1063)

Saved visual review capture C:\Voucher-Management\vouchermanagement\LTW\docs\screenshot-reviews\mobile-art-ui-board-reference-promotion-pass\mobile-art-ui-board-reference-promotion-pass\after\phone-standard-portrait\10-heavy-pressure.png
UnityEngine.Debug:ExtractStackTraceNoAlloc (byte*,int,string)
UnityEngine.StackTraceUtility:ExtractStackTrace ()
UnityEngine.DebugLogHandler:Internal_Log (UnityEngine.LogType,UnityEngine.LogOption,string,UnityEngine.Object)
UnityEngine.DebugLogHandler:LogFormat (UnityEngine.LogType,UnityEngine.Object,string,object[])
UnityEngine.Logger:Log (UnityEngine.LogType,object)
UnityEngine.Debug:Log (object)
LTW.UnityClient.Editor.VisualReviewCaptureRunner:WriteImmediateCapture (string,string,System.Nullable`1<int>,System.Nullable`1<int>) (at Assets/Editor/VisualReviewCaptureRunner.cs:1063)
LTW.UnityClient.Editor.VisualReviewCaptureRunner:QueueCapture (string) (at Assets/Editor/VisualReviewCaptureRunner.cs:986)
LTW.UnityClient.Editor.VisualReviewCaptureRunner:Update () (at Assets/Editor/VisualReviewCaptureRunner.cs:231)
UnityEditor.EditorApplication:Internal_CallUpdateFunctions ()

(Filename: Assets/Editor/VisualReviewCaptureRunner.cs Line: 1063)

Saved visual review capture C:\Voucher-Management\vouchermanagement\LTW\docs\screenshot-reviews\mobile-art-ui-board-reference-promotion-pass\mobile-art-ui-board-reference-promotion-pass\after\phone-tall-portrait\10-heavy-pressure.png
UnityEngine.Debug:ExtractStackTraceNoAlloc (byte*,int,string)
UnityEngine.StackTraceUtility:ExtractStackTrace ()
UnityEngine.DebugLogHandler:Internal_Log (UnityEngine.LogType,UnityEngine.LogOption,string,UnityEngine.Object)
UnityEngine.DebugLogHandler:LogFormat (UnityEngine.LogType,UnityEngine.Object,string,object[])
UnityEngine.Logger:Log (UnityEngine.LogType,object)
UnityEngine.Debug:Log (object)
LTW.UnityClient.Editor.VisualReviewCaptureRunner:WriteImmediateCapture (string,string,System.Nullable`1<int>,System.Nullable`1<int>) (at Assets/Editor/VisualReviewCaptureRunner.cs:1063)
LTW.UnityClient.Editor.VisualReviewCaptureRunner:QueueCapture (string) (at Assets/Editor/VisualReviewCaptureRunner.cs:986)
LTW.UnityClient.Editor.VisualReviewCaptureRunner:Update () (at Assets/Editor/VisualReviewCaptureRunner.cs:231)
UnityEditor.EditorApplication:Internal_CallUpdateFunctions ()

(Filename: Assets/Editor/VisualReviewCaptureRunner.cs Line: 1063)

Saved visual review capture C:\Voucher-Management\vouchermanagement\LTW\docs\screenshot-reviews\mobile-art-ui-board-reference-promotion-pass\mobile-art-ui-board-reference-promotion-pass\after\phone-safe-area-portrait\10-heavy-pressure.png
UnityEngine.Debug:ExtractStackTraceNoAlloc (byte*,int,string)
UnityEngine.StackTraceUtility:ExtractStackTrace ()
UnityEngine.DebugLogHandler:Internal_Log (UnityEngine.LogType,UnityEngine.LogOption,string,UnityEngine.Object)
UnityEngine.DebugLogHandler:LogFormat (UnityEngine.LogType,UnityEngine.Object,string,object[])
UnityEngine.Logger:Log (UnityEngine.LogType,object)
UnityEngine.Debug:Log (object)
LTW.UnityClient.Editor.VisualReviewCaptureRunner:WriteImmediateCapture (string,string,System.Nullable`1<int>,System.Nullable`1<int>) (at Assets/Editor/VisualReviewCaptureRunner.cs:1063)
LTW.UnityClient.Editor.VisualReviewCaptureRunner:QueueCapture (string) (at Assets/Editor/VisualReviewCaptureRunner.cs:986)
LTW.UnityClient.Editor.VisualReviewCaptureRunner:Update () (at Assets/Editor/VisualReviewCaptureRunner.cs:231)
UnityEditor.EditorApplication:Internal_CallUpdateFunctions ()

(Filename: Assets/Editor/VisualReviewCaptureRunner.cs Line: 1063)

Saved visual review capture C:\Voucher-Management\vouchermanagement\LTW\docs\screenshot-reviews\mobile-art-ui-board-reference-promotion-pass\mobile-art-ui-board-reference-promotion-pass\after\phone-small-portrait\11-reduced-effects-heavy.png
UnityEngine.Debug:ExtractStackTraceNoAlloc (byte*,int,string)
UnityEngine.StackTraceUtility:ExtractStackTrace ()
UnityEngine.DebugLogHandler:Internal_Log (UnityEngine.LogType,UnityEngine.LogOption,string,UnityEngine.Object)
UnityEngine.DebugLogHandler:LogFormat (UnityEngine.LogType,UnityEngine.Object,string,object[])
UnityEngine.Logger:Log (UnityEngine.LogType,object)
UnityEngine.Debug:Log (object)
LTW.UnityClient.Editor.VisualReviewCaptureRunner:WriteImmediateCapture (string,string,System.Nullable`1<int>,System.Nullable`1<int>) (at Assets/Editor/VisualReviewCaptureRunner.cs:1063)
LTW.UnityClient.Editor.VisualReviewCaptureRunner:QueueCapture (string) (at Assets/Editor/VisualReviewCaptureRunner.cs:986)
LTW.UnityClient.Editor.VisualReviewCaptureRunner:Update () (at Assets/Editor/VisualReviewCaptureRunner.cs:231)
UnityEditor.EditorApplication:Internal_CallUpdateFunctions ()

(Filename: Assets/Editor/VisualReviewCaptureRunner.cs Line: 1063)

Saved visual review capture C:\Voucher-Management\vouchermanagement\LTW\docs\screenshot-reviews\mobile-art-ui-board-reference-promotion-pass\mobile-art-ui-board-reference-promotion-pass\after\phone-standard-portrait\11-reduced-effects-heavy.png
UnityEngine.Debug:ExtractStackTraceNoAlloc (byte*,int,string)
UnityEngine.StackTraceUtility:ExtractStackTrace ()
UnityEngine.DebugLogHandler:Internal_Log (UnityEngine.LogType,UnityEngine.LogOption,string,UnityEngine.Object)
UnityEngine.DebugLogHandler:LogFormat (UnityEngine.LogType,UnityEngine.Object,string,object[])
UnityEngine.Logger:Log (UnityEngine.LogType,object)
UnityEngine.Debug:Log (object)
LTW.UnityClient.Editor.VisualReviewCaptureRunner:WriteImmediateCapture (string,string,System.Nullable`1<int>,System.Nullable`1<int>) (at Assets/Editor/VisualReviewCaptureRunner.cs:1063)
LTW.UnityClient.Editor.VisualReviewCaptureRunner:QueueCapture (string) (at Assets/Editor/VisualReviewCaptureRunner.cs:986)
LTW.UnityClient.Editor.VisualReviewCaptureRunner:Update () (at Assets/Editor/VisualReviewCaptureRunner.cs:231)
UnityEditor.EditorApplication:Internal_CallUpdateFunctions ()

(Filename: Assets/Editor/VisualReviewCaptureRunner.cs Line: 1063)

Saved visual review capture C:\Voucher-Management\vouchermanagement\LTW\docs\screenshot-reviews\mobile-art-ui-board-reference-promotion-pass\mobile-art-ui-board-reference-promotion-pass\after\phone-tall-portrait\11-reduced-effects-heavy.png
UnityEngine.Debug:ExtractStackTraceNoAlloc (byte*,int,string)
UnityEngine.StackTraceUtility:ExtractStackTrace ()
UnityEngine.DebugLogHandler:Internal_Log (UnityEngine.LogType,UnityEngine.LogOption,string,UnityEngine.Object)
UnityEngine.DebugLogHandler:LogFormat (UnityEngine.LogType,UnityEngine.Object,string,object[])
UnityEngine.Logger:Log (UnityEngine.LogType,object)
UnityEngine.Debug:Log (object)
LTW.UnityClient.Editor.VisualReviewCaptureRunner:WriteImmediateCapture (string,string,System.Nullable`1<int>,System.Nullable`1<int>) (at Assets/Editor/VisualReviewCaptureRunner.cs:1063)
LTW.UnityClient.Editor.VisualReviewCaptureRunner:QueueCapture (string) (at Assets/Editor/VisualReviewCaptureRunner.cs:986)
LTW.UnityClient.Editor.VisualReviewCaptureRunner:Update () (at Assets/Editor/VisualReviewCaptureRunner.cs:231)
UnityEditor.EditorApplication:Internal_CallUpdateFunctions ()

(Filename: Assets/Editor/VisualReviewCaptureRunner.cs Line: 1063)

Saved visual review capture C:\Voucher-Management\vouchermanagement\LTW\docs\screenshot-reviews\mobile-art-ui-board-reference-promotion-pass\mobile-art-ui-board-reference-promotion-pass\after\phone-safe-area-portrait\11-reduced-effects-heavy.png
UnityEngine.Debug:ExtractStackTraceNoAlloc (byte*,int,string)
UnityEngine.StackTraceUtility:ExtractStackTrace ()
UnityEngine.DebugLogHandler:Internal_Log (UnityEngine.LogType,UnityEngine.LogOption,string,UnityEngine.Object)
UnityEngine.DebugLogHandler:LogFormat (UnityEngine.LogType,UnityEngine.Object,string,object[])
UnityEngine.Logger:Log (UnityEngine.LogType,object)
UnityEngine.Debug:Log (object)
LTW.UnityClient.Editor.VisualReviewCaptureRunner:WriteImmediateCapture (string,string,System.Nullable`1<int>,System.Nullable`1<int>) (at Assets/Editor/VisualReviewCaptureRunner.cs:1063)
LTW.UnityClient.Editor.VisualReviewCaptureRunner:QueueCapture (string) (at Assets/Editor/VisualReviewCaptureRunner.cs:986)
LTW.UnityClient.Editor.VisualReviewCaptureRunner:Update () (at Assets/Editor/VisualReviewCaptureRunner.cs:231)
UnityEditor.EditorApplication:Internal_CallUpdateFunctions ()

(Filename: Assets/Editor/VisualReviewCaptureRunner.cs Line: 1063)

LTW camera framing -> BoardOverview
UnityEngine.Debug:ExtractStackTraceNoAlloc (byte*,int,string)
UnityEngine.StackTraceUtility:ExtractStackTrace ()
UnityEngine.DebugLogHandler:Internal_Log (UnityEngine.LogType,UnityEngine.LogOption,string,UnityEngine.Object)
UnityEngine.DebugLogHandler:LogFormat (UnityEngine.LogType,UnityEngine.Object,string,object[])
UnityEngine.Logger:Log (UnityEngine.LogType,object)
UnityEngine.Debug:Log (object)
LTW.UnityClient.Simulation.UnityVerticalSliceRenderer:SetCameraFraming (LTW.UnityClient.Simulation.LaneCameraFraming) (at Assets/Scripts/Simulation/UnityVerticalSliceRenderer.cs:153)
LTW.UnityClient.Editor.VisualReviewCaptureRunner:SetRendererFraming (LTW.UnityClient.Simulation.LaneCameraFraming) (at Assets/Editor/VisualReviewCaptureRunner.cs:1680)
LTW.UnityClient.Editor.VisualReviewCaptureRunner:Update () (at Assets/Editor/VisualReviewCaptureRunner.cs:346)
UnityEditor.EditorApplication:Internal_CallUpdateFunctions ()

(Filename: Assets/Scripts/Simulation/UnityVerticalSliceRenderer.cs Line: 153)

Saved visual review capture C:\Voucher-Management\vouchermanagement\LTW\docs\screenshot-reviews\mobile-art-ui-board-reference-promotion-pass\mobile-art-ui-board-reference-promotion-pass\after\phone-small-portrait\12-board-overview.png
UnityEngine.Debug:ExtractStackTraceNoAlloc (byte*,int,string)
UnityEngine.StackTraceUtility:ExtractStackTrace ()
UnityEngine.DebugLogHandler:Internal_Log (UnityEngine.LogType,UnityEngine.LogOption,string,UnityEngine.Object)
UnityEngine.DebugLogHandler:LogFormat (UnityEngine.LogType,UnityEngine.Object,string,object[])
UnityEngine.Logger:Log (UnityEngine.LogType,object)
UnityEngine.Debug:Log (object)
LTW.UnityClient.Editor.VisualReviewCaptureRunner:WriteImmediateCapture (string,string,System.Nullable`1<int>,System.Nullable`1<int>) (at Assets/Editor/VisualReviewCaptureRunner.cs:1063)
LTW.UnityClient.Editor.VisualReviewCaptureRunner:QueueCapture (string) (at Assets/Editor/VisualReviewCaptureRunner.cs:986)
LTW.UnityClient.Editor.VisualReviewCaptureRunner:Update () (at Assets/Editor/VisualReviewCaptureRunner.cs:231)
UnityEditor.EditorApplication:Internal_CallUpdateFunctions ()

(Filename: Assets/Editor/VisualReviewCaptureRunner.cs Line: 1063)

Saved visual review capture C:\Voucher-Management\vouchermanagement\LTW\docs\screenshot-reviews\mobile-art-ui-board-reference-promotion-pass\mobile-art-ui-board-reference-promotion-pass\after\phone-standard-portrait\12-board-overview.png
UnityEngine.Debug:ExtractStackTraceNoAlloc (byte*,int,string)
UnityEngine.StackTraceUtility:ExtractStackTrace ()
UnityEngine.DebugLogHandler:Internal_Log (UnityEngine.LogType,UnityEngine.LogOption,string,UnityEngine.Object)
UnityEngine.DebugLogHandler:LogFormat (UnityEngine.LogType,UnityEngine.Object,string,object[])
UnityEngine.Logger:Log (UnityEngine.LogType,object)
UnityEngine.Debug:Log (object)
LTW.UnityClient.Editor.VisualReviewCaptureRunner:WriteImmediateCapture (string,string,System.Nullable`1<int>,System.Nullable`1<int>) (at Assets/Editor/VisualReviewCaptureRunner.cs:1063)
LTW.UnityClient.Editor.VisualReviewCaptureRunner:QueueCapture (string) (at Assets/Editor/VisualReviewCaptureRunner.cs:986)
LTW.UnityClient.Editor.VisualReviewCaptureRunner:Update () (at Assets/Editor/VisualReviewCaptureRunner.cs:231)
UnityEditor.EditorApplication:Internal_CallUpdateFunctions ()

(Filename: Assets/Editor/VisualReviewCaptureRunner.cs Line: 1063)

Saved visual review capture C:\Voucher-Management\vouchermanagement\LTW\docs\screenshot-reviews\mobile-art-ui-board-reference-promotion-pass\mobile-art-ui-board-reference-promotion-pass\after\phone-tall-portrait\12-board-overview.png
UnityEngine.Debug:ExtractStackTraceNoAlloc (byte*,int,string)
UnityEngine.StackTraceUtility:ExtractStackTrace ()
UnityEngine.DebugLogHandler:Internal_Log (UnityEngine.LogType,UnityEngine.LogOption,string,UnityEngine.Object)
UnityEngine.DebugLogHandler:LogFormat (UnityEngine.LogType,UnityEngine.Object,string,object[])
UnityEngine.Logger:Log (UnityEngine.LogType,object)
UnityEngine.Debug:Log (object)
LTW.UnityClient.Editor.VisualReviewCaptureRunner:WriteImmediateCapture (string,string,System.Nullable`1<int>,System.Nullable`1<int>) (at Assets/Editor/VisualReviewCaptureRunner.cs:1063)
LTW.UnityClient.Editor.VisualReviewCaptureRunner:QueueCapture (string) (at Assets/Editor/VisualReviewCaptureRunner.cs:986)
LTW.UnityClient.Editor.VisualReviewCaptureRunner:Update () (at Assets/Editor/VisualReviewCaptureRunner.cs:231)
UnityEditor.EditorApplication:Internal_CallUpdateFunctions ()

(Filename: Assets/Editor/VisualReviewCaptureRunner.cs Line: 1063)

Saved visual review capture C:\Voucher-Management\vouchermanagement\LTW\docs\screenshot-reviews\mobile-art-ui-board-reference-promotion-pass\mobile-art-ui-board-reference-promotion-pass\after\phone-safe-area-portrait\12-board-overview.png
UnityEngine.Debug:ExtractStackTraceNoAlloc (byte*,int,string)
UnityEngine.StackTraceUtility:ExtractStackTrace ()
UnityEngine.DebugLogHandler:Internal_Log (UnityEngine.LogType,UnityEngine.LogOption,string,UnityEngine.Object)
UnityEngine.DebugLogHandler:LogFormat (UnityEngine.LogType,UnityEngine.Object,string,object[])
UnityEngine.Logger:Log (UnityEngine.LogType,object)
UnityEngine.Debug:Log (object)
LTW.UnityClient.Editor.VisualReviewCaptureRunner:WriteImmediateCapture (string,string,System.Nullable`1<int>,System.Nullable`1<int>) (at Assets/Editor/VisualReviewCaptureRunner.cs:1063)
LTW.UnityClient.Editor.VisualReviewCaptureRunner:QueueCapture (string) (at Assets/Editor/VisualReviewCaptureRunner.cs:986)
LTW.UnityClient.Editor.VisualReviewCaptureRunner:Update () (at Assets/Editor/VisualReviewCaptureRunner.cs:231)
UnityEditor.EditorApplication:Internal_CallUpdateFunctions ()

(Filename: Assets/Editor/VisualReviewCaptureRunner.cs Line: 1063)

LTW camera framing -> SpawnGateFocus
UnityEngine.Debug:ExtractStackTraceNoAlloc (byte*,int,string)
UnityEngine.StackTraceUtility:ExtractStackTrace ()
UnityEngine.DebugLogHandler:Internal_Log (UnityEngine.LogType,UnityEngine.LogOption,string,UnityEngine.Object)
UnityEngine.DebugLogHandler:LogFormat (UnityEngine.LogType,UnityEngine.Object,string,object[])
UnityEngine.Logger:Log (UnityEngine.LogType,object)
UnityEngine.Debug:Log (object)
LTW.UnityClient.Simulation.UnityVerticalSliceRenderer:SetCameraFraming (LTW.UnityClient.Simulation.LaneCameraFraming) (at Assets/Scripts/Simulation/UnityVerticalSliceRenderer.cs:153)
LTW.UnityClient.Editor.VisualReviewCaptureRunner:SetRendererFraming (LTW.UnityClient.Simulation.LaneCameraFraming) (at Assets/Editor/VisualReviewCaptureRunner.cs:1680)
LTW.UnityClient.Editor.VisualReviewCaptureRunner:Update () (at Assets/Editor/VisualReviewCaptureRunner.cs:351)
UnityEditor.EditorApplication:Internal_CallUpdateFunctions ()

(Filename: Assets/Scripts/Simulation/UnityVerticalSliceRenderer.cs Line: 153)

Saved visual review capture C:\Voucher-Management\vouchermanagement\LTW\docs\screenshot-reviews\mobile-art-ui-board-reference-promotion-pass\mobile-art-ui-board-reference-promotion-pass\after\phone-small-portrait\13-spawn-gate-focus.png
UnityEngine.Debug:ExtractStackTraceNoAlloc (byte*,int,string)
UnityEngine.StackTraceUtility:ExtractStackTrace ()
UnityEngine.DebugLogHandler:Internal_Log (UnityEngine.LogType,UnityEngine.LogOption,string,UnityEngine.Object)
UnityEngine.DebugLogHandler:LogFormat (UnityEngine.LogType,UnityEngine.Object,string,object[])
UnityEngine.Logger:Log (UnityEngine.LogType,object)
UnityEngine.Debug:Log (object)
LTW.UnityClient.Editor.VisualReviewCaptureRunner:WriteImmediateCapture (string,string,System.Nullable`1<int>,System.Nullable`1<int>) (at Assets/Editor/VisualReviewCaptureRunner.cs:1063)
LTW.UnityClient.Editor.VisualReviewCaptureRunner:QueueCapture (string) (at Assets/Editor/VisualReviewCaptureRunner.cs:986)
LTW.UnityClient.Editor.VisualReviewCaptureRunner:Update () (at Assets/Editor/VisualReviewCaptureRunner.cs:231)
UnityEditor.EditorApplication:Internal_CallUpdateFunctions ()

(Filename: Assets/Editor/VisualReviewCaptureRunner.cs Line: 1063)

Saved visual review capture C:\Voucher-Management\vouchermanagement\LTW\docs\screenshot-reviews\mobile-art-ui-board-reference-promotion-pass\mobile-art-ui-board-reference-promotion-pass\after\phone-standard-portrait\13-spawn-gate-focus.png
UnityEngine.Debug:ExtractStackTraceNoAlloc (byte*,int,string)
UnityEngine.StackTraceUtility:ExtractStackTrace ()
UnityEngine.DebugLogHandler:Internal_Log (UnityEngine.LogType,UnityEngine.LogOption,string,UnityEngine.Object)
UnityEngine.DebugLogHandler:LogFormat (UnityEngine.LogType,UnityEngine.Object,string,object[])
UnityEngine.Logger:Log (UnityEngine.LogType,object)
UnityEngine.Debug:Log (object)
LTW.UnityClient.Editor.VisualReviewCaptureRunner:WriteImmediateCapture (string,string,System.Nullable`1<int>,System.Nullable`1<int>) (at Assets/Editor/VisualReviewCaptureRunner.cs:1063)
LTW.UnityClient.Editor.VisualReviewCaptureRunner:QueueCapture (string) (at Assets/Editor/VisualReviewCaptureRunner.cs:986)
LTW.UnityClient.Editor.VisualReviewCaptureRunner:Update () (at Assets/Editor/VisualReviewCaptureRunner.cs:231)
UnityEditor.EditorApplication:Internal_CallUpdateFunctions ()

(Filename: Assets/Editor/VisualReviewCaptureRunner.cs Line: 1063)

Saved visual review capture C:\Voucher-Management\vouchermanagement\LTW\docs\screenshot-reviews\mobile-art-ui-board-reference-promotion-pass\mobile-art-ui-board-reference-promotion-pass\after\phone-tall-portrait\13-spawn-gate-focus.png
UnityEngine.Debug:ExtractStackTraceNoAlloc (byte*,int,string)
UnityEngine.StackTraceUtility:ExtractStackTrace ()
UnityEngine.DebugLogHandler:Internal_Log (UnityEngine.LogType,UnityEngine.LogOption,string,UnityEngine.Object)
UnityEngine.DebugLogHandler:LogFormat (UnityEngine.LogType,UnityEngine.Object,string,object[])
UnityEngine.Logger:Log (UnityEngine.LogType,object)
UnityEngine.Debug:Log (object)
LTW.UnityClient.Editor.VisualReviewCaptureRunner:WriteImmediateCapture (string,string,System.Nullable`1<int>,System.Nullable`1<int>) (at Assets/Editor/VisualReviewCaptureRunner.cs:1063)
LTW.UnityClient.Editor.VisualReviewCaptureRunner:QueueCapture (string) (at Assets/Editor/VisualReviewCaptureRunner.cs:986)
LTW.UnityClient.Editor.VisualReviewCaptureRunner:Update () (at Assets/Editor/VisualReviewCaptureRunner.cs:231)
UnityEditor.EditorApplication:Internal_CallUpdateFunctions ()

(Filename: Assets/Editor/VisualReviewCaptureRunner.cs Line: 1063)

Saved visual review capture C:\Voucher-Management\vouchermanagement\LTW\docs\screenshot-reviews\mobile-art-ui-board-reference-promotion-pass\mobile-art-ui-board-reference-promotion-pass\after\phone-safe-area-portrait\13-spawn-gate-focus.png
UnityEngine.Debug:ExtractStackTraceNoAlloc (byte*,int,string)
UnityEngine.StackTraceUtility:ExtractStackTrace ()
UnityEngine.DebugLogHandler:Internal_Log (UnityEngine.LogType,UnityEngine.LogOption,string,UnityEngine.Object)
UnityEngine.DebugLogHandler:LogFormat (UnityEngine.LogType,UnityEngine.Object,string,object[])
UnityEngine.Logger:Log (UnityEngine.LogType,object)
UnityEngine.Debug:Log (object)
LTW.UnityClient.Editor.VisualReviewCaptureRunner:WriteImmediateCapture (string,string,System.Nullable`1<int>,System.Nullable`1<int>) (at Assets/Editor/VisualReviewCaptureRunner.cs:1063)
LTW.UnityClient.Editor.VisualReviewCaptureRunner:QueueCapture (string) (at Assets/Editor/VisualReviewCaptureRunner.cs:986)
LTW.UnityClient.Editor.VisualReviewCaptureRunner:Update () (at Assets/Editor/VisualReviewCaptureRunner.cs:231)
UnityEditor.EditorApplication:Internal_CallUpdateFunctions ()

(Filename: Assets/Editor/VisualReviewCaptureRunner.cs Line: 1063)

LTW camera framing -> LeakGateFocus
UnityEngine.Debug:ExtractStackTraceNoAlloc (byte*,int,string)
UnityEngine.StackTraceUtility:ExtractStackTrace ()
UnityEngine.DebugLogHandler:Internal_Log (UnityEngine.LogType,UnityEngine.LogOption,string,UnityEngine.Object)
UnityEngine.DebugLogHandler:LogFormat (UnityEngine.LogType,UnityEngine.Object,string,object[])
UnityEngine.Logger:Log (UnityEngine.LogType,object)
UnityEngine.Debug:Log (object)
LTW.UnityClient.Simulation.UnityVerticalSliceRenderer:SetCameraFraming (LTW.UnityClient.Simulation.LaneCameraFraming) (at Assets/Scripts/Simulation/UnityVerticalSliceRenderer.cs:153)
LTW.UnityClient.Editor.VisualReviewCaptureRunner:SetRendererFraming (LTW.UnityClient.Simulation.LaneCameraFraming) (at Assets/Editor/VisualReviewCaptureRunner.cs:1680)
LTW.UnityClient.Editor.VisualReviewCaptureRunner:Update () (at Assets/Editor/VisualReviewCaptureRunner.cs:356)
UnityEditor.EditorApplication:Internal_CallUpdateFunctions ()

(Filename: Assets/Scripts/Simulation/UnityVerticalSliceRenderer.cs Line: 153)

Saved visual review capture C:\Voucher-Management\vouchermanagement\LTW\docs\screenshot-reviews\mobile-art-ui-board-reference-promotion-pass\mobile-art-ui-board-reference-promotion-pass\after\phone-small-portrait\14-leak-gate-focus.png
UnityEngine.Debug:ExtractStackTraceNoAlloc (byte*,int,string)
UnityEngine.StackTraceUtility:ExtractStackTrace ()
UnityEngine.DebugLogHandler:Internal_Log (UnityEngine.LogType,UnityEngine.LogOption,string,UnityEngine.Object)
UnityEngine.DebugLogHandler:LogFormat (UnityEngine.LogType,UnityEngine.Object,string,object[])
UnityEngine.Logger:Log (UnityEngine.LogType,object)
UnityEngine.Debug:Log (object)
LTW.UnityClient.Editor.VisualReviewCaptureRunner:WriteImmediateCapture (string,string,System.Nullable`1<int>,System.Nullable`1<int>) (at Assets/Editor/VisualReviewCaptureRunner.cs:1063)
LTW.UnityClient.Editor.VisualReviewCaptureRunner:QueueCapture (string) (at Assets/Editor/VisualReviewCaptureRunner.cs:986)
LTW.UnityClient.Editor.VisualReviewCaptureRunner:Update () (at Assets/Editor/VisualReviewCaptureRunner.cs:231)
UnityEditor.EditorApplication:Internal_CallUpdateFunctions ()

(Filename: Assets/Editor/VisualReviewCaptureRunner.cs Line: 1063)

Saved visual review capture C:\Voucher-Management\vouchermanagement\LTW\docs\screenshot-reviews\mobile-art-ui-board-reference-promotion-pass\mobile-art-ui-board-reference-promotion-pass\after\phone-standard-portrait\14-leak-gate-focus.png
UnityEngine.Debug:ExtractStackTraceNoAlloc (byte*,int,string)
UnityEngine.StackTraceUtility:ExtractStackTrace ()
UnityEngine.DebugLogHandler:Internal_Log (UnityEngine.LogType,UnityEngine.LogOption,string,UnityEngine.Object)
UnityEngine.DebugLogHandler:LogFormat (UnityEngine.LogType,UnityEngine.Object,string,object[])
UnityEngine.Logger:Log (UnityEngine.LogType,object)
UnityEngine.Debug:Log (object)
LTW.UnityClient.Editor.VisualReviewCaptureRunner:WriteImmediateCapture (string,string,System.Nullable`1<int>,System.Nullable`1<int>) (at Assets/Editor/VisualReviewCaptureRunner.cs:1063)
LTW.UnityClient.Editor.VisualReviewCaptureRunner:QueueCapture (string) (at Assets/Editor/VisualReviewCaptureRunner.cs:986)
LTW.UnityClient.Editor.VisualReviewCaptureRunner:Update () (at Assets/Editor/VisualReviewCaptureRunner.cs:231)
UnityEditor.EditorApplication:Internal_CallUpdateFunctions ()

(Filename: Assets/Editor/VisualReviewCaptureRunner.cs Line: 1063)

Saved visual review capture C:\Voucher-Management\vouchermanagement\LTW\docs\screenshot-reviews\mobile-art-ui-board-reference-promotion-pass\mobile-art-ui-board-reference-promotion-pass\after\phone-tall-portrait\14-leak-gate-focus.png
UnityEngine.Debug:ExtractStackTraceNoAlloc (byte*,int,string)
UnityEngine.StackTraceUtility:ExtractStackTrace ()
UnityEngine.DebugLogHandler:Internal_Log (UnityEngine.LogType,UnityEngine.LogOption,string,UnityEngine.Object)
UnityEngine.DebugLogHandler:LogFormat (UnityEngine.LogType,UnityEngine.Object,string,object[])
UnityEngine.Logger:Log (UnityEngine.LogType,object)
UnityEngine.Debug:Log (object)
LTW.UnityClient.Editor.VisualReviewCaptureRunner:WriteImmediateCapture (string,string,System.Nullable`1<int>,System.Nullable`1<int>) (at Assets/Editor/VisualReviewCaptureRunner.cs:1063)
LTW.UnityClient.Editor.VisualReviewCaptureRunner:QueueCapture (string) (at Assets/Editor/VisualReviewCaptureRunner.cs:986)
LTW.UnityClient.Editor.VisualReviewCaptureRunner:Update () (at Assets/Editor/VisualReviewCaptureRunner.cs:231)
UnityEditor.EditorApplication:Internal_CallUpdateFunctions ()

(Filename: Assets/Editor/VisualReviewCaptureRunner.cs Line: 1063)

Saved visual review capture C:\Voucher-Management\vouchermanagement\LTW\docs\screenshot-reviews\mobile-art-ui-board-reference-promotion-pass\mobile-art-ui-board-reference-promotion-pass\after\phone-safe-area-portrait\14-leak-gate-focus.png
UnityEngine.Debug:ExtractStackTraceNoAlloc (byte*,int,string)
UnityEngine.StackTraceUtility:ExtractStackTrace ()
UnityEngine.DebugLogHandler:Internal_Log (UnityEngine.LogType,UnityEngine.LogOption,string,UnityEngine.Object)
UnityEngine.DebugLogHandler:LogFormat (UnityEngine.LogType,UnityEngine.Object,string,object[])
UnityEngine.Logger:Log (UnityEngine.LogType,object)
UnityEngine.Debug:Log (object)
LTW.UnityClient.Editor.VisualReviewCaptureRunner:WriteImmediateCapture (string,string,System.Nullable`1<int>,System.Nullable`1<int>) (at Assets/Editor/VisualReviewCaptureRunner.cs:1063)
LTW.UnityClient.Editor.VisualReviewCaptureRunner:QueueCapture (string) (at Assets/Editor/VisualReviewCaptureRunner.cs:986)
LTW.UnityClient.Editor.VisualReviewCaptureRunner:Update () (at Assets/Editor/VisualReviewCaptureRunner.cs:231)
UnityEditor.EditorApplication:Internal_CallUpdateFunctions ()

(Filename: Assets/Editor/VisualReviewCaptureRunner.cs Line: 1063)

LTW camera framing -> ActiveLane
UnityEngine.Debug:ExtractStackTraceNoAlloc (byte*,int,string)
UnityEngine.StackTraceUtility:ExtractStackTrace ()
UnityEngine.DebugLogHandler:Internal_Log (UnityEngine.LogType,UnityEngine.LogOption,string,UnityEngine.Object)
UnityEngine.DebugLogHandler:LogFormat (UnityEngine.LogType,UnityEngine.Object,string,object[])
UnityEngine.Logger:Log (UnityEngine.LogType,object)
UnityEngine.Debug:Log (object)
LTW.UnityClient.Simulation.UnityVerticalSliceRenderer:SetCameraFraming (LTW.UnityClient.Simulation.LaneCameraFraming) (at Assets/Scripts/Simulation/UnityVerticalSliceRenderer.cs:153)
LTW.UnityClient.Editor.VisualReviewCaptureRunner:SetRendererFraming (LTW.UnityClient.Simulation.LaneCameraFraming) (at Assets/Editor/VisualReviewCaptureRunner.cs:1680)
LTW.UnityClient.Editor.VisualReviewCaptureRunner:Update () (at Assets/Editor/VisualReviewCaptureRunner.cs:361)
UnityEditor.EditorApplication:Internal_CallUpdateFunctions ()

(Filename: Assets/Scripts/Simulation/UnityVerticalSliceRenderer.cs Line: 153)

Saved visual review capture C:\Voucher-Management\vouchermanagement\LTW\docs\screenshot-reviews\mobile-art-ui-board-reference-promotion-pass\mobile-art-ui-board-reference-promotion-pass\after\phone-small-portrait\15-results-or-late-match.png
UnityEngine.Debug:ExtractStackTraceNoAlloc (byte*,int,string)
UnityEngine.StackTraceUtility:ExtractStackTrace ()
UnityEngine.DebugLogHandler:Internal_Log (UnityEngine.LogType,UnityEngine.LogOption,string,UnityEngine.Object)
UnityEngine.DebugLogHandler:LogFormat (UnityEngine.LogType,UnityEngine.Object,string,object[])
UnityEngine.Logger:Log (UnityEngine.LogType,object)
UnityEngine.Debug:Log (object)
LTW.UnityClient.Editor.VisualReviewCaptureRunner:WriteImmediateCapture (string,string,System.Nullable`1<int>,System.Nullable`1<int>) (at Assets/Editor/VisualReviewCaptureRunner.cs:1063)
LTW.UnityClient.Editor.VisualReviewCaptureRunner:QueueCapture (string) (at Assets/Editor/VisualReviewCaptureRunner.cs:986)
LTW.UnityClient.Editor.VisualReviewCaptureRunner:Update () (at Assets/Editor/VisualReviewCaptureRunner.cs:369)
UnityEditor.EditorApplication:Internal_CallUpdateFunctions ()

(Filename: Assets/Editor/VisualReviewCaptureRunner.cs Line: 1063)

Saved visual review capture C:\Voucher-Management\vouchermanagement\LTW\docs\screenshot-reviews\mobile-art-ui-board-reference-promotion-pass\mobile-art-ui-board-reference-promotion-pass\after\phone-standard-portrait\15-results-or-late-match.png
UnityEngine.Debug:ExtractStackTraceNoAlloc (byte*,int,string)
UnityEngine.StackTraceUtility:ExtractStackTrace ()
UnityEngine.DebugLogHandler:Internal_Log (UnityEngine.LogType,UnityEngine.LogOption,string,UnityEngine.Object)
UnityEngine.DebugLogHandler:LogFormat (UnityEngine.LogType,UnityEngine.Object,string,object[])
UnityEngine.Logger:Log (UnityEngine.LogType,object)
UnityEngine.Debug:Log (object)
LTW.UnityClient.Editor.VisualReviewCaptureRunner:WriteImmediateCapture (string,string,System.Nullable`1<int>,System.Nullable`1<int>) (at Assets/Editor/VisualReviewCaptureRunner.cs:1063)
LTW.UnityClient.Editor.VisualReviewCaptureRunner:QueueCapture (string) (at Assets/Editor/VisualReviewCaptureRunner.cs:986)
LTW.UnityClient.Editor.VisualReviewCaptureRunner:Update () (at Assets/Editor/VisualReviewCaptureRunner.cs:369)
UnityEditor.EditorApplication:Internal_CallUpdateFunctions ()

(Filename: Assets/Editor/VisualReviewCaptureRunner.cs Line: 1063)

Saved visual review capture C:\Voucher-Management\vouchermanagement\LTW\docs\screenshot-reviews\mobile-art-ui-board-reference-promotion-pass\mobile-art-ui-board-reference-promotion-pass\after\phone-tall-portrait\15-results-or-late-match.png
UnityEngine.Debug:ExtractStackTraceNoAlloc (byte*,int,string)
UnityEngine.StackTraceUtility:ExtractStackTrace ()
UnityEngine.DebugLogHandler:Internal_Log (UnityEngine.LogType,UnityEngine.LogOption,string,UnityEngine.Object)
UnityEngine.DebugLogHandler:LogFormat (UnityEngine.LogType,UnityEngine.Object,string,object[])
UnityEngine.Logger:Log (UnityEngine.LogType,object)
UnityEngine.Debug:Log (object)
LTW.UnityClient.Editor.VisualReviewCaptureRunner:WriteImmediateCapture (string,string,System.Nullable`1<int>,System.Nullable`1<int>) (at Assets/Editor/VisualReviewCaptureRunner.cs:1063)
LTW.UnityClient.Editor.VisualReviewCaptureRunner:QueueCapture (string) (at Assets/Editor/VisualReviewCaptureRunner.cs:986)
LTW.UnityClient.Editor.VisualReviewCaptureRunner:Update () (at Assets/Editor/VisualReviewCaptureRunner.cs:369)
UnityEditor.EditorApplication:Internal_CallUpdateFunctions ()

(Filename: Assets/Editor/VisualReviewCaptureRunner.cs Line: 1063)

Saved visual review capture C:\Voucher-Management\vouchermanagement\LTW\docs\screenshot-reviews\mobile-art-ui-board-reference-promotion-pass\mobile-art-ui-board-reference-promotion-pass\after\phone-safe-area-portrait\15-results-or-late-match.png
UnityEngine.Debug:ExtractStackTraceNoAlloc (byte*,int,string)
UnityEngine.StackTraceUtility:ExtractStackTrace ()
UnityEngine.DebugLogHandler:Internal_Log (UnityEngine.LogType,UnityEngine.LogOption,string,UnityEngine.Object)
UnityEngine.DebugLogHandler:LogFormat (UnityEngine.LogType,UnityEngine.Object,string,object[])
UnityEngine.Logger:Log (UnityEngine.LogType,object)
UnityEngine.Debug:Log (object)
LTW.UnityClient.Editor.VisualReviewCaptureRunner:WriteImmediateCapture (string,string,System.Nullable`1<int>,System.Nullable`1<int>) (at Assets/Editor/VisualReviewCaptureRunner.cs:1063)
LTW.UnityClient.Editor.VisualReviewCaptureRunner:QueueCapture (string) (at Assets/Editor/VisualReviewCaptureRunner.cs:986)
LTW.UnityClient.Editor.VisualReviewCaptureRunner:Update () (at Assets/Editor/VisualReviewCaptureRunner.cs:369)
UnityEditor.EditorApplication:Internal_CallUpdateFunctions ()

(Filename: Assets/Editor/VisualReviewCaptureRunner.cs Line: 1063)

LTW visual review screenshots captured in C:\Voucher-Management\vouchermanagement\LTW\docs\screenshot-reviews\mobile-art-ui-board-reference-promotion-pass\mobile-art-ui-board-reference-promotion-pass\after\phone-small-portrait
UnityEngine.Debug:ExtractStackTraceNoAlloc (byte*,int,string)
UnityEngine.StackTraceUtility:ExtractStackTrace ()
UnityEngine.DebugLogHandler:Internal_Log (UnityEngine.LogType,UnityEngine.LogOption,string,UnityEngine.Object)
UnityEngine.DebugLogHandler:LogFormat (UnityEngine.LogType,UnityEngine.Object,string,object[])
UnityEngine.Logger:Log (UnityEngine.LogType,object)
UnityEngine.Debug:Log (object)
LTW.UnityClient.Editor.VisualReviewCaptureRunner:Finish (string) (at Assets/Editor/VisualReviewCaptureRunner.cs:1726)
LTW.UnityClient.Editor.VisualReviewCaptureRunner:Update () (at Assets/Editor/VisualReviewCaptureRunner.cs:373)
UnityEditor.EditorApplication:Internal_CallUpdateFunctions ()

(Filename: Assets/Editor/VisualReviewCaptureRunner.cs Line: 1726)

MonoPathRemapper: Attempts to remap: 6973; Successful remaps: 986
Serialized file version minimum: 23, current 23
[Physics::Module] Cleanup current backend.
[Physics::Module] Id: 0xf2b8ea05
Input System module state changed to: ShutdownInProgress.
Input Polling Thread exited.
Input System module state changed to: Shutdown.
[Licensing::IpcConnector] LicenseClient-engch-notifications channel disconnected successfully.
[Licensing::IpcConnector] LicenseClient-engch channel disconnected successfully.
AcceleratorClientConnectionCallback - disconnected - :0
Cleanup mono
CodeReloadManager destroyed
Checking for leaked weakptr:
  Found no leaked weakptrs.
[Package Manager] Server process was shutdown
##utp:{"type":"MemoryLeaks","version":2,"phase":"Immediate","time":1784327324988,"processId":23340,"allocatedMemory":12387407,"memoryLabels":[{"Default":291163},{"Permanent":15516},{"NewDelete":66659},{"Thread":4205176},{"Manager":31045},{"VertexData":8},{"Geometry":816},{"Texture":24},{"Shader":833490},{"Material":24},{"GfxDevice":58016},{"Animation":952},{"Audio":80},{"FreeType":8},{"FontEngine":736},{"Physics":2146},{"Physics2D":16},{"Serialization":1016},{"Input":42840},{"JobScheduler":256},{"TextLib":280},{"Mono":48},{"ScriptingNativeRuntime":674964},{"BaseObject":1623424},{"Resource":1208},{"Renderer":3080},{"Transform":4685},{"File":4013},{"WebCam":616},{"Culling":32},{"Terrain":11442},{"Wind":24},{"STL":40},{"String":30854},{"StaticString":3808},{"Utility":2672694},{"Curl":2559},{"PoolAlloc":2168},{"AI":80},{"TypeTree":17165},{"CodeReload":448},{"RuntimeInitializeOnLoadManager":64},{"Sprites":102},{"SpriteAtlas":120},{"GI":7816},{"Director":8296},{"CloudService":14152},{"WebRequest":552},{"VR":47114},{"SceneManager":608},{"Video":208},{"LazyScriptCache":32},{"Camera":17},{"Secure":2377},{"SerializationCache":1576},{"APIUpdating":10320},{"Subsystems":336},{"VirtualTexturing":57888},{"StaticSafetyDebugInfo":278528},{"Analytics":552},{"Hierarchy":1176},{"UIElements":72},{"CoreStats":13688},{"Identifiers":6768},{"Gui":128},{"EditorUtility":488079},{"VersionControl":8},{"Undo":931},{"AssetDatabase":785842},{"AssetImporter":40},{"EditorGi":328},{"UnityConnect":38929},{"Upm":1912},{"UpmDiagnostics":8},{"AssetCompliance":64},{"DrivenProperties":72},{"LocalIPC":211},{"ProfilerEditor":9746},{"CoreBusinessMetrics":3480},{"Windowing":456},{"Licensing":1232},{"AssetReference":32},{"IPCStream":32}]}
