[Licensing::Module] Trying to connect to existing licensing client channel...
Built from '6000.5/staging' branch; Version is '6000.5.3f1 (c2eb47b3a2a9) revision 12774215'; Using compiler version '194234433'; Build Type 'Release'
OS: 'Windows 11  (10.0.26200) Core' Language: 'en' Physical Memory: 7502 MB
BatchMode: 1, IsHumanControllingUs: 0, StartBugReporterOnCrash: 0, Is64bit: 1
System  architecture: x64
Process architecture: x64
Date: 2026-07-17T19:16:50Z
[Licensing::IpcConnector] Channel LicenseClient-engch doesn't exist
[Licensing::Module] Successfully launched the LicensingClient (PId: 18620)

COMMAND LINE ARGUMENTS:
C:\Program Files\Unity\Hub\Editor\6000.5.3f1\Editor\Unity.exe
-batchmode
-projectPath
C:\Voucher-Management\vouchermanagement\LTW\unity\LTW.UnityClient
-executeMethod
LTW.UnityClient.Editor.VisualReviewCaptureRunner.CaptureMobileImprovementCycle
-ltwCaptureOutputDir
C:\Voucher-Management\vouchermanagement\LTW\docs\screenshot-reviews\mobile-art-endpoint-sprite-promotion
-ltwCaptureRunId
mobile-art-endpoint-sprite-promotion
-ltwCapturePhase
after
-ltwCaptureSeed
1
-ltwCapturePackage
GD-Mobile-UI-Board
-ltwCaptureGrayscale
-ltwIntensity
aggressive
-ltwExitAfterCapture
-logFile
C:\Voucher-Management\vouchermanagement\LTW\docs\screenshot-reviews\mobile-art-endpoint-sprite-promotion\unity-after-capture.log
Successfully changed project path to: C:\Voucher-Management\vouchermanagement\LTW\unity\LTW.UnityClient
C:/Voucher-Management/vouchermanagement/LTW/unity/LTW.UnityClient
[UnityMemory] Configuration Parameters - Can be set up in boot.config
    "memorysetup-temp-allocator-size-gi-baking-worker=262144"
    "memorysetup-temp-allocator-size-gi-baking-worker=262144"
    "memorysetup-temp-allocator-size-gi-baking-worker=262144"
    "memorysetup-temp-allocator-size-gi-baking-worker=262144"
    "memorysetup-temp-allocator-size-gi-baking-worker=262144"
    "memorysetup-temp-allocator-size-nav-mesh-worker=65536"
    "memorysetup-temp-allocator-size-audio-worker=65536"
    "memorysetup-temp-allocator-size-cloud-worker=32768"
    "memorysetup-temp-allocator-size-gfx=262144"
    "memorysetup-temp-allocator-size-preload-manager=33554432"
    "memorysetup-allocator-temp-initial-block-size-main=262144"
    "memorysetup-allocator-temp-initial-block-size-worker=262144"
    "memorysetup-temp-allocator-size-job-worker=262144"
    "memorysetup-temp-allocator-size-background-worker=32768"
    "memorysetup-bucket-allocator-granularity=16"
    "memorysetup-bucket-allocator-bucket-count=8"
    "memorysetup-bucket-allocator-block-size=33554432"
    "memorysetup-bucket-allocator-block-count=8"
    "memorysetup-main-allocator-block-size=16777216"
    "memorysetup-thread-allocator-block-size=16777216"
    "memorysetup-main-allocator-mimalloc-enabled=0"
    "memorysetup-gfx-main-allocator-block-size=16777216"
    "memorysetup-gfx-thread-allocator-block-size=16777216"
    "memorysetup-cache-allocator-block-size=4194304"
    "memorysetup-typetree-allocator-block-size=2097152"
    "memorysetup-profiler-bucket-allocator-granularity=16"
    "memorysetup-profiler-bucket-allocator-bucket-count=8"
    "memorysetup-profiler-bucket-allocator-block-size=33554432"
    "memorysetup-profiler-bucket-allocator-block-count=8"
    "memorysetup-profiler-allocator-block-size=16777216"
    "memorysetup-profiler-editor-allocator-block-size=1048576"
    "memorysetup-temp-allocator-size-main=16777216"
    "memorysetup-job-temp-allocator-block-size=2097152"
    "memorysetup-job-temp-allocator-block-size-background=1048576"
    "memorysetup-job-temp-allocator-reduction-small-platforms=262144"
Logging is directed to a specific file, skipping project log.Player connection [11200]  Target information:

Player connection [11200]  * "[IP] 100.67.115.86 [Port] 55504 [Flags] 2 [Guid] 2242208370 [EditorId] 2242208370 [Version] 1048832 [Id] WindowsEditor(7,nanc) [Debug] 1 [PackageName] WindowsEditor [ProjectName] Editor" 

Player connection [11200]  * "[IP] 10.0.0.199 [Port] 55504 [Flags] 2 [Guid] 2242208370 [EditorId] 2242208370 [Version] 1048832 [Id] WindowsEditor(7,nanc) [Debug] 1 [PackageName] WindowsEditor [ProjectName] Editor" 

Player connection [11200] Host joined multi-casting on [225.0.0.222:54997]...
Player connection [11200] Host joined alternative multi-casting on [225.0.0.222:34997]...
Input System module state changed to: Initialized.
[Physics::Module] Initialized fallback backend.
[Physics::Module] Id: 0xdecafbad
[Licensing::IpcConnector] Successfully connected to: "LicenseClient-engch" at "2026-07-17T19:16:50.79404Z"
[Licensing::Client] Code 10 while verifying Licensing Client signature (process Id: 18620, path: "C:/Program Files/Unity/Hub/Editor/6000.5.3f1/Editor/Data/Resources/Licensing/Client/Unity.Licensing.Client.exe")
[Licensing::Module] LicensingClient has failed validation; ignoring
[Package Manager] Connected to IPC stream "Upm-14048" after 0.5 seconds.
[Licensing::Module] Licensing is not yet initialized.
[Licensing::Client] Handshaking with LicensingClient:
  Version:                 1.18.1+9fbee8e
  Session Id:              296e874309ff4e608e76cd7ecb4dccbc
  Correlation Id:          c40f322eec5cd6edbbc2e20de5ea1c81
  External correlation Id: 832001688847566870
  Machine Id:              XUUOHsR/oMOgT2KdiSe0eLiVyck=
[Licensing::Module] Successfully connected to LicensingClient on channel: "LicenseClient-engch" (connect: 0.57s, validation: 0.22s, handshake: 0.07s)
[Licensing::IpcConnector] Successfully connected to: "LicenseClient-engch-notifications" at "2026-07-17T19:16:51.0871009Z"
[Licensing::Module] Connected to LicensingClient (PId: 18620, launch time: 0.01, total connection time: 0.86s)
[Licensing::Module] Error: Access token is unavailable; failed to update
[Licensing::Client] Successfully resolved entitlement details
[Licensing::Module] License group:
  Id: 1375967616012-UnityPersXXXX
  Product: Unity Personal
  Type: Assigned
  Expiration: Unlimited
[Licensing::Client] Successfully updated license, isAsync: True, time: 0.01
[Licensing::Client] Successfully resolved entitlement details
[Licensing::Module] Licensing Background thread has ended after 0.94s
[Licensing::Module] Licensing is initialized (took 0.14s).
[Licensing::Client] Successfully resolved entitlement details
Library Redirect Path: Library/
[Physics::Module] Selected backend.
[Physics::Module] Name: PhysX
[Physics::Module] Id: 0xf2b8ea05
[Physics::Module] SDK Version: 4.1.2
[Physics::Module] Integration Version: 1.0.0
[Physics::Module] Threading Mode: Multi-Threaded
Initialize engine version: 6000.5.3f1 (c2eb47b3a2a9)
[Subsystems] Discovering subsystems at path C:/Program Files/Unity/Hub/Editor/6000.5.3f1/Editor/Data/Resources/UnitySubsystems
[Subsystems] Discovering subsystems at path C:/Voucher-Management/vouchermanagement/LTW/unity/LTW.UnityClient/Assets
GfxDevice: creating device client; kGfxThreadingModeNonThreaded
d3d12: failed to query info queue interface (0x80004002).
Direct3D:
    Version:         Direct3D 12 [level 12.1]
    Renderer:        AMD Radeon(TM) Graphics (ID=0x164c)
    Vendor:          ATI
    VRAM:            3751 MB
    App VRAM Budget: 3821 MB
    Driver:          31.0.21914.8004
    Unified Memory Architecture
Initialize mono
Mono path[0] = 'C:/Program Files/Unity/Hub/Editor/6000.5.3f1/Editor/Data/Managed'
Mono path[1] = 'C:/Program Files/Unity/Hub/Editor/6000.5.3f1/Editor/Data/BCLExtensions/runtime/netstandard2.1'
Mono path[2] = 'C:/Program Files/Unity/Hub/Editor/6000.5.3f1/Editor/Data/MonoBleedingEdge/lib/mono/unityjit-win32'
Mono config path = 'C:/Program Files/Unity/Hub/Editor/6000.5.3f1/Editor/Data/MonoBleedingEdge/etc'
Using monoOptions --debugger-agent=transport=dt_socket,embedding=1,server=y,suspend=n,address=127.0.0.1:56048
CodeReloadManager initialized
ImportWorker Server TCP listen port: 0
AcceleratorClientConnectionCallback - disconnected - :0
Begin MonoManager ReloadAssembly
Registering precompiled unity dll's ...
Register platform support module: C:/Program Files/Unity/Hub/Editor/6000.5.3f1/Editor/Data/PlaybackEngines/WebGLSupport/UnityEditor.WebGL.Extensions.dll
Register platform support module: C:/Program Files/Unity/Hub/Editor/6000.5.3f1/Editor/Data/PlaybackEngines/WindowsStandaloneSupport/UnityEditor.WindowsStandalone.Extensions.dll
Registered in 0.006401 seconds.
Native extension for WindowsStandalone target not found
Native extension for WebGL target not found
Package Manager log level set to [2]
ScheduleIndexationOnStartup MainProcess:False IndexOnStartup:True
Mono: successfully reloaded assembly
- Finished resetting the current domain, in  0.652 seconds
Domain Reload Profiling: 1512ms
	BeginReloadAssembly (223ms)
		CreateAndSetChildDomain (25ms)
	RebuildCommonClasses (7ms)
	RebuildNativeTypeToScriptingClass (25ms)
	initialDomainReloadingComplete (110ms)
	LoadAllAssembliesAndSetupDomain (492ms)
		LoadAssemblies (194ms)
		AnalyzeDomain (368ms)
			TypeCache.Refresh (366ms)
				TypeCache.ScanAssembly (345ms)
	FinalizeReload (656ms)
		SetupLoadedEditorAssemblies (0ms)
			InitializePlatformSupportModulesInManaged (4ms)
			BeforeProcessingInitializeOnLoad (152ms)
			ProcessInitializeOnLoadAttributes (155ms)
			ProcessInitializeOnLoadMethodAttributes (229ms)
[Licensing::Client] Successfully resolved entitlement details
Application.AssetDatabase Initial Refresh Start
[Package Manager] Restoring resolved packages state from cache
[Licensing::Client] Successfully resolved entitlement details
[Package Manager] Registered 8 packages:
  Packages from [https://packages.unity.com]:
    com.unity.nuget.newtonsoft-json@3.2.2 (location: C:\Voucher-Management\vouchermanagement\LTW\unity\LTW.UnityClient\Library\PackageCache\com.unity.nuget.newtonsoft-json@4dfd81071c64)
    com.unity.editorcoroutines@1.1.0 (location: C:\Voucher-Management\vouchermanagement\LTW\unity\LTW.UnityClient\Library\PackageCache\com.unity.editorcoroutines@87a15ed012c2)
  Built-in packages:
    com.unity.modules.audio@1.0.0 (location: C:\Voucher-Management\vouchermanagement\LTW\unity\LTW.UnityClient\Library\PackageCache\com.unity.modules.audio)
    com.unity.test-framework@1.7.0 (location: C:\Voucher-Management\vouchermanagement\LTW\unity\LTW.UnityClient\Library\PackageCache\com.unity.test-framework@1405238725ab)
    com.unity.ext.nunit@2.1.0 (location: C:\Voucher-Management\vouchermanagement\LTW\unity\LTW.UnityClient\Library\PackageCache\com.unity.ext.nunit@44f7d31723bd)
    com.unity.modules.imgui@1.0.0 (location: C:\Voucher-Management\vouchermanagement\LTW\unity\LTW.UnityClient\Library\PackageCache\com.unity.modules.imgui)
    com.unity.modules.jsonserialize@1.0.0 (location: C:\Voucher-Management\vouchermanagement\LTW\unity\LTW.UnityClient\Library\PackageCache\com.unity.modules.jsonserialize)
  Git packages:
    com.gamelovers.mcp-unity@https://github.com/CoderGamester/mcp-unity.git (location: C:\Voucher-Management\vouchermanagement\LTW\unity\LTW.UnityClient\Library\PackageCache\com.gamelovers.mcp-unity@c35f184d7656)
[Subsystems] No new subsystems found in resolved package list.
[Package Manager] Done registering packages in 0.01 seconds
[ScriptCompilation] Requested script compilation because: AssetDatabase observed changes in script compilation related files
Starting: C:\Program Files\Unity\Hub\Editor\6000.5.3f1\Editor\Data\Tools\BuildPipeline\bee_backend.exe --ipc --defer-dag-verification --dagfile="Library/Bee/1900b0aE.dag" --continue-on-failure --profile="Library/Bee/backend1.traceevents" ScriptAssemblies
WorkingDir: C:/Voucher-Management/vouchermanagement/LTW/unity/LTW.UnityClient
DisplayProgressbar: Compiling Scripts
ExitCode: 0 Duration: 1s497ms
[197/203    1s] Csc Library/Bee/artifacts/1900b0aE.dag/Assembly-CSharp.dll (+2 others)
[198/203    0s] CopyFiles Library/ScriptAssemblies/Assembly-CSharp.pdb
[202/203    0s] CopyFiles Library/ScriptAssemblies/Assembly-CSharp.dll
*** Tundra build success (1.43 seconds), 3 items updated, 203 evaluated
Total cache size 12124940
Total cache size after purge 12124940, took 00:00:00.0686163
AssetDatabase: script compilation time: 2.292887s
Begin MonoManager ReloadAssembly
Native extension for WindowsStandalone target not found
Native extension for WebGL target not found
ScheduleIndexationOnStartup MainProcess:True IndexOnStartup:True
Mono: successfully reloaded assembly
- Finished resetting the current domain, in  0.549 seconds
Domain Reload Profiling: 1298ms
	BeginReloadAssembly (331ms)
		DisableScriptedObjects (40ms)
		CreateAndSetChildDomain (61ms)
	RebuildCommonClasses (14ms)
	RebuildNativeTypeToScriptingClass (25ms)
	initialDomainReloadingComplete (69ms)
	LoadAllAssembliesAndSetupDomain (307ms)
		LoadAssemblies (325ms)
		AnalyzeDomain (41ms)
			TypeCache.Refresh (31ms)
				TypeCache.ScanAssembly (22ms)
			BuildScriptInfoCaches (7ms)
	FinalizeReload (552ms)
		SetupLoadedEditorAssemblies (0ms)
			InitializePlatformSupportModulesInManaged (3ms)
			BeforeProcessingInitializeOnLoad (114ms)
			ProcessInitializeOnLoadAttributes (98ms)
			ProcessInitializeOnLoadMethodAttributes (113ms)
			AfterProcessingInitializeOnLoad (11ms)
		AwakeInstancesAfterBackupRestoration (28ms)
Starting new worker id: 0 with log in C:/Voucher-Management/vouchermanagement/LTW/unity/LTW.UnityClient/Logs/AssetImportWorkerHW0.log

Asset Pipeline Refresh (id=fc6bf7eb8c4b10245a942a8632c4798b): Total: 3.999 seconds - Initiated by InitialRefreshV2(ForceSynchronousImport)
	(Values over 0.05ms)
	Summary:
		Imports: total=0 (actual=0, local cache=0, cache server=0)
		Asset DB Process Time: managed=0 ms, native=731 ms
		Asset DB Callback time: managed=122 ms, native=24 ms
		Scripting: domain reloads=1, domain reload time=808 ms, compile time=2296 ms, other=16 ms
		Project Asset Count: scripts=219, non-scripts=440
		Asset File Changes: new=0, changed=1, moved=0, deleted=0
		Scan Filter Count: 0
	InvokePackagesCallback: 14.683ms
	ApplyChangesToAssetFolders: 0.827ms
	Scan: 38.823ms
	Collect global state as custom dependencies: 0.752ms
	OnSourceAssetsModified: 0.961ms
	CategorizeScriptCompilationAssets: 9.404ms
	ProcessAssetsWithTransientArtifactChanges: 10.284ms
	CategorizeAssets: 5.013ms
	CompileScripts: 2296.283ms
	ImportOutOfDateAssets: 585.522ms (555.293ms without children)
		UnloadImportedAssets: 0.160ms
		EnsureUptoDateAssetsAreRegisteredWithGuidPM: 0.124ms
		ImportSchedulerStart: 29.941ms
	PostProcessAllAssets: 125.776ms
		VCAutoAddAssetPostprocess 2.957ms
		PostProcessCallbackCreateDeferredMaterials 0.063ms
		MonoPostProcessAllAssets: 121.429ms
			AssetPostprocessor.OnPostprocessAllAssets 47.010ms
			StyleCatalogPostProcessor.OnPostprocessAllAssets 24.545ms
			WindowAssetPostprocessingWatcher.OnPostprocessAllAssets 11.821ms
			BuilderAssetPostprocessor.OnPostprocessAllAssets 7.647ms
			AssetChangedListener.OnPostprocessAllAssets 3.247ms
			RetainedModeAssetPostprocessor.OnPostprocessAllAssets 2.147ms
			SyncVS.PostprocessSyncProject 1.815ms
			EditModeScopePostprocessor.OnPostprocessAllAssets 1.125ms
			SpeedTree9Postprocessor.OnPostprocessAllAssets 1.024ms
			ArtifactBrowserPostProcessor.OnPostprocessAllAssets 0.802ms
			TextAssetPostProcessor.OnPostprocessAllAssets 0.763ms
			AssetEvents.OnPostprocessAllAssets 0.556ms
			ReferencedClipsPostProcessor.OnPostprocessAllAssets 0.542ms
			AssetDatabaseCallbacks.OnPostprocessAllAssets 0.513ms
			AudioMixerPostprocessor.OnPostprocessAllAssets 0.456ms
			ScenarioDriftAssetsTracker.OnPostprocessAllAssets 0.310ms
			TerrainToolbarOverlayPostProcessor.OnPostprocessAllAssets 0.293ms
			ConfigAssetsTracker.OnPostprocessAllAssets 0.285ms
			SpeedTreePostProcessor.OnPostprocessAllAssets 0.216ms
			RenderPipelineGlobalSettingsPostprocessor.OnPostprocessAllAssets 0.179ms
			AudioContainerPostProcessor.OnPostprocessAllAssets 0.178ms
	PostAssetChangesProfiler: 9.050ms
	UnloadStreamsBegin: 2.271ms
	Untracked: 889.959ms

Application.AssetDatabase Initial Refresh End
Launched and connected shader compiler UnityShaderCompiler.exe after 0.03 seconds
Scanning for USB devices : 2.240ms
Initializing Unity extensions:
[MODES] ModeService[none].Initialize
[MODES] ModeService[none].LoadModes
[MODES] Loading mode Default (0) for mode-current-id-LTW.UnityClient
Unloading 3 Unused Serialized files (Serialized files now loaded: 0)
Unloading 499 unused Assets / (0.7 MB). Loaded Objects now: 1142.
Memory consumption went from 195.6 MB to 194.9 MB.
Total: 8.401400 ms (FindLiveObjects: 0.186800 ms CreateObjectMapping: 0.121700 ms MarkObjects: 7.336300 ms  DeleteObjects: 0.748700 ms)

Opening scene 'Assets/Scenes/LocalVerticalSlice.unity'
Unloading 1 Unused Serialized files (Serialized files now loaded: 0)
Loaded scene 'Assets/Scenes/LocalVerticalSlice.unity'
	Deserialize:            1.293 ms
	Integration:            11.488 ms
	Integration of assets:  0.005 ms
	Thread Wait Time:       0.043 ms
	Total Operation Time:   12.828 ms
Unloading 1 unused Assets / (Unknown). Loaded Objects now: 1144.
Memory consumption went from 189.7 MB to 189.7 MB.
Total: 7.074500 ms (FindLiveObjects: 0.119000 ms CreateObjectMapping: 0.037500 ms MarkObjects: 6.883200 ms  DeleteObjects: 0.032700 ms)

D3D11 device created for Microsoft Media Foundation video decoding.
[Project] Loading completed in 8.230 seconds
	Project init time: 				7.638 seconds
		Template init time: 		0.000 seconds
		Package Manager init time: 		0.599 seconds
		Asset Database init time: 		0.682 seconds
		Global illumination init time: 	0.005 seconds
		Assemblies load time: 			1.660 seconds
		Unity extensions init time: 	0.002 seconds
		Asset Database refresh time: 	4.000 seconds
	Scene opening time: 			0.241 seconds
##utp:{"type":"ProjectInfo","version":2,"phase":"Immediate","time":1784315818438,"processId":14048,"projectLoad":8.2296821,"projectInit":7.6379436,"templateInit":0.0,"packageManagerInit":0.5994864,"assetDatabaseInit":0.6820269,"globalIlluminationInit":0.0048738,"assembliesLoad":1.6599962,"unityExtensionsInit":0.0021194,"assetDatabaseRefresh":3.9997371,"sceneOpening":0.2408562}
##utp:{"type":"EditorInfo","version":2,"phase":"Immediate","time":1784315818438,"processId":14048,"editorVersion":"6000.5.3f1 (c2eb47b3a2a9)","branch":"6000.5/staging","buildType":"Release","platform":"Windows"}
Entering Playmode with Reload Domain disabled.
If you experience any issues, please disable "Enter Play Mode Options" in Editor Settings
Loaded scene 'Temp/__Backupscenes/0.backup'
	Deserialize:            0.805 ms
	Integration:            308.132 ms
	Integration of assets:  0.004 ms
	Thread Wait Time:       0.856 ms
	Total Operation Time:   309.797 ms
[Licensing::Client] Successfully resolved entitlement details
Saved visual review capture C:\Voucher-Management\vouchermanagement\LTW\docs\screenshot-reviews\mobile-art-endpoint-sprite-promotion\mobile-art-endpoint-sprite-promotion\after\phone-small-portrait\01-default-hud.png
UnityEngine.Debug:ExtractStackTraceNoAlloc (byte*,int,string)
UnityEngine.StackTraceUtility:ExtractStackTrace ()
UnityEngine.DebugLogHandler:Internal_Log (UnityEngine.LogType,UnityEngine.LogOption,string,UnityEngine.Object)
UnityEngine.DebugLogHandler:LogFormat (UnityEngine.LogType,UnityEngine.Object,string,object[])
UnityEngine.Logger:Log (UnityEngine.LogType,object)
UnityEngine.Debug:Log (object)
LTW.UnityClient.Editor.VisualReviewCaptureRunner:WriteImmediateCapture (string,string,System.Nullable`1<int>,System.Nullable`1<int>) (at Assets/Editor/VisualReviewCaptureRunner.cs:1063)
LTW.UnityClient.Editor.VisualReviewCaptureRunner:QueueCapture (string) (at Assets/Editor/VisualReviewCaptureRunner.cs:986)
LTW.UnityClient.Editor.VisualReviewCaptureRunner:Update () (at Assets/Editor/VisualReviewCaptureRunner.cs:273)
UnityEditor.EditorApplication:Internal_CallUpdateFunctions ()

(Filename: Assets/Editor/VisualReviewCaptureRunner.cs Line: 1063)

Saved visual review capture C:\Voucher-Management\vouchermanagement\LTW\docs\screenshot-reviews\mobile-art-endpoint-sprite-promotion\mobile-art-endpoint-sprite-promotion\after\phone-standard-portrait\01-default-hud.png
UnityEngine.Debug:ExtractStackTraceNoAlloc (byte*,int,string)
UnityEngine.StackTraceUtility:ExtractStackTrace ()
UnityEngine.DebugLogHandler:Internal_Log (UnityEngine.LogType,UnityEngine.LogOption,string,UnityEngine.Object)
UnityEngine.DebugLogHandler:LogFormat (UnityEngine.LogType,UnityEngine.Object,string,object[])
UnityEngine.Logger:Log (UnityEngine.LogType,object)
UnityEngine.Debug:Log (object)
LTW.UnityClient.Editor.VisualReviewCaptureRunner:WriteImmediateCapture (string,string,System.Nullable`1<int>,System.Nullable`1<int>) (at Assets/Editor/VisualReviewCaptureRunner.cs:1063)
LTW.UnityClient.Editor.VisualReviewCaptureRunner:QueueCapture (string) (at Assets/Editor/VisualReviewCaptureRunner.cs:986)
LTW.UnityClient.Editor.VisualReviewCaptureRunner:Update () (at Assets/Editor/VisualReviewCaptureRunner.cs:273)
UnityEditor.EditorApplication:Internal_CallUpdateFunctions ()

(Filename: Assets/Editor/VisualReviewCaptureRunner.cs Line: 1063)

Worker ready: AssetImportWorkerHW0 0
Saved visual review capture C:\Voucher-Management\vouchermanagement\LTW\docs\screenshot-reviews\mobile-art-endpoint-sprite-promotion\mobile-art-endpoint-sprite-promotion\after\phone-tall-portrait\01-default-hud.png
UnityEngine.Debug:ExtractStackTraceNoAlloc (byte*,int,string)
UnityEngine.StackTraceUtility:ExtractStackTrace ()
UnityEngine.DebugLogHandler:Internal_Log (UnityEngine.LogType,UnityEngine.LogOption,string,UnityEngine.Object)
UnityEngine.DebugLogHandler:LogFormat (UnityEngine.LogType,UnityEngine.Object,string,object[])
UnityEngine.Logger:Log (UnityEngine.LogType,object)
UnityEngine.Debug:Log (object)
LTW.UnityClient.Editor.VisualReviewCaptureRunner:WriteImmediateCapture (string,string,System.Nullable`1<int>,System.Nullable`1<int>) (at Assets/Editor/VisualReviewCaptureRunner.cs:1063)
LTW.UnityClient.Editor.VisualReviewCaptureRunner:QueueCapture (string) (at Assets/Editor/VisualReviewCaptureRunner.cs:986)
LTW.UnityClient.Editor.VisualReviewCaptureRunner:Update () (at Assets/Editor/VisualReviewCaptureRunner.cs:273)
UnityEditor.EditorApplication:Internal_CallUpdateFunctions ()

(Filename: Assets/Editor/VisualReviewCaptureRunner.cs Line: 1063)

Saved visual review capture C:\Voucher-Management\vouchermanagement\LTW\docs\screenshot-reviews\mobile-art-endpoint-sprite-promotion\mobile-art-endpoint-sprite-promotion\after\phone-safe-area-portrait\01-default-hud.png
UnityEngine.Debug:ExtractStackTraceNoAlloc (byte*,int,string)
UnityEngine.StackTraceUtility:ExtractStackTrace ()
UnityEngine.DebugLogHandler:Internal_Log (UnityEngine.LogType,UnityEngine.LogOption,string,UnityEngine.Object)
UnityEngine.DebugLogHandler:LogFormat (UnityEngine.LogType,UnityEngine.Object,string,object[])
UnityEngine.Logger:Log (UnityEngine.LogType,object)
UnityEngine.Debug:Log (object)
LTW.UnityClient.Editor.VisualReviewCaptureRunner:WriteImmediateCapture (string,string,System.Nullable`1<int>,System.Nullable`1<int>) (at Assets/Editor/VisualReviewCaptureRunner.cs:1063)
LTW.UnityClient.Editor.VisualReviewCaptureRunner:QueueCapture (string) (at Assets/Editor/VisualReviewCaptureRunner.cs:986)
LTW.UnityClient.Editor.VisualReviewCaptureRunner:Update () (at Assets/Editor/VisualReviewCaptureRunner.cs:273)
UnityEditor.EditorApplication:Internal_CallUpdateFunctions ()

(Filename: Assets/Editor/VisualReviewCaptureRunner.cs Line: 1063)

Start Indexing on Editor startup
[Indexing] Starting Initial Indexing for Assets
Created GICache directory at C:/Users/engch/AppData/LocalLow/Unity/Caches/GiCache. Took: 0.023s, timestamps: [9.238 - 9.261]
Saved visual review capture C:\Voucher-Management\vouchermanagement\LTW\docs\screenshot-reviews\mobile-art-endpoint-sprite-promotion\mobile-art-endpoint-sprite-promotion\after\phone-small-portrait\02-build-menu-open.png
UnityEngine.Debug:ExtractStackTraceNoAlloc (byte*,int,string)
UnityEngine.StackTraceUtility:ExtractStackTrace ()
UnityEngine.DebugLogHandler:Internal_Log (UnityEngine.LogType,UnityEngine.LogOption,string,UnityEngine.Object)
UnityEngine.DebugLogHandler:LogFormat (UnityEngine.LogType,UnityEngine.Object,string,object[])
UnityEngine.Logger:Log (UnityEngine.LogType,object)
UnityEngine.Debug:Log (object)
LTW.UnityClient.Editor.VisualReviewCaptureRunner:WriteImmediateCapture (string,string,System.Nullable`1<int>,System.Nullable`1<int>) (at Assets/Editor/VisualReviewCaptureRunner.cs:1063)
LTW.UnityClient.Editor.VisualReviewCaptureRunner:QueueCapture (string) (at Assets/Editor/VisualReviewCaptureRunner.cs:986)
LTW.UnityClient.Editor.VisualReviewCaptureRunner:Update () (at Assets/Editor/VisualReviewCaptureRunner.cs:231)
UnityEditor.EditorApplication:Internal_CallUpdateFunctions ()

(Filename: Assets/Editor/VisualReviewCaptureRunner.cs Line: 1063)

Saved visual review capture C:\Voucher-Management\vouchermanagement\LTW\docs\screenshot-reviews\mobile-art-endpoint-sprite-promotion\mobile-art-endpoint-sprite-promotion\after\phone-standard-portrait\02-build-menu-open.png
UnityEngine.Debug:ExtractStackTraceNoAlloc (byte*,int,string)
UnityEngine.StackTraceUtility:ExtractStackTrace ()
UnityEngine.DebugLogHandler:Internal_Log (UnityEngine.LogType,UnityEngine.LogOption,string,UnityEngine.Object)
UnityEngine.DebugLogHandler:LogFormat (UnityEngine.LogType,UnityEngine.Object,string,object[])
UnityEngine.Logger:Log (UnityEngine.LogType,object)
UnityEngine.Debug:Log (object)
LTW.UnityClient.Editor.VisualReviewCaptureRunner:WriteImmediateCapture (string,string,System.Nullable`1<int>,System.Nullable`1<int>) (at Assets/Editor/VisualReviewCaptureRunner.cs:1063)
LTW.UnityClient.Editor.VisualReviewCaptureRunner:QueueCapture (string) (at Assets/Editor/VisualReviewCaptureRunner.cs:986)
LTW.UnityClient.Editor.VisualReviewCaptureRunner:Update () (at Assets/Editor/VisualReviewCaptureRunner.cs:231)
UnityEditor.EditorApplication:Internal_CallUpdateFunctions ()

(Filename: Assets/Editor/VisualReviewCaptureRunner.cs Line: 1063)

Saved visual review capture C:\Voucher-Management\vouchermanagement\LTW\docs\screenshot-reviews\mobile-art-endpoint-sprite-promotion\mobile-art-endpoint-sprite-promotion\after\phone-tall-portrait\02-build-menu-open.png
UnityEngine.Debug:ExtractStackTraceNoAlloc (byte*,int,string)
UnityEngine.StackTraceUtility:ExtractStackTrace ()
UnityEngine.DebugLogHandler:Internal_Log (UnityEngine.LogType,UnityEngine.LogOption,string,UnityEngine.Object)
UnityEngine.DebugLogHandler:LogFormat (UnityEngine.LogType,UnityEngine.Object,string,object[])
UnityEngine.Logger:Log (UnityEngine.LogType,object)
UnityEngine.Debug:Log (object)
LTW.UnityClient.Editor.VisualReviewCaptureRunner:WriteImmediateCapture (string,string,System.Nullable`1<int>,System.Nullable`1<int>) (at Assets/Editor/VisualReviewCaptureRunner.cs:1063)
LTW.UnityClient.Editor.VisualReviewCaptureRunner:QueueCapture (string) (at Assets/Editor/VisualReviewCaptureRunner.cs:986)
LTW.UnityClient.Editor.VisualReviewCaptureRunner:Update () (at Assets/Editor/VisualReviewCaptureRunner.cs:231)
UnityEditor.EditorApplication:Internal_CallUpdateFunctions ()

(Filename: Assets/Editor/VisualReviewCaptureRunner.cs Line: 1063)

Saved visual review capture C:\Voucher-Management\vouchermanagement\LTW\docs\screenshot-reviews\mobile-art-endpoint-sprite-promotion\mobile-art-endpoint-sprite-promotion\after\phone-safe-area-portrait\02-build-menu-open.png
UnityEngine.Debug:ExtractStackTraceNoAlloc (byte*,int,string)
UnityEngine.StackTraceUtility:ExtractStackTrace ()
UnityEngine.DebugLogHandler:Internal_Log (UnityEngine.LogType,UnityEngine.LogOption,string,UnityEngine.Object)
UnityEngine.DebugLogHandler:LogFormat (UnityEngine.LogType,UnityEngine.Object,string,object[])
UnityEngine.Logger:Log (UnityEngine.LogType,object)
UnityEngine.Debug:Log (object)
LTW.UnityClient.Editor.VisualReviewCaptureRunner:WriteImmediateCapture (string,string,System.Nullable`1<int>,System.Nullable`1<int>) (at Assets/Editor/VisualReviewCaptureRunner.cs:1063)
LTW.UnityClient.Editor.VisualReviewCaptureRunner:QueueCapture (string) (at Assets/Editor/VisualReviewCaptureRunner.cs:986)
LTW.UnityClient.Editor.VisualReviewCaptureRunner:Update () (at Assets/Editor/VisualReviewCaptureRunner.cs:231)
UnityEditor.EditorApplication:Internal_CallUpdateFunctions ()

(Filename: Assets/Editor/VisualReviewCaptureRunner.cs Line: 1063)

Saved visual review capture C:\Voucher-Management\vouchermanagement\LTW\docs\screenshot-reviews\mobile-art-endpoint-sprite-promotion\mobile-art-endpoint-sprite-promotion\after\phone-small-portrait\03-build-card-selected.png
UnityEngine.Debug:ExtractStackTraceNoAlloc (byte*,int,string)
UnityEngine.StackTraceUtility:ExtractStackTrace ()
UnityEngine.DebugLogHandler:Internal_Log (UnityEngine.LogType,UnityEngine.LogOption,string,UnityEngine.Object)
UnityEngine.DebugLogHandler:LogFormat (UnityEngine.LogType,UnityEngine.Object,string,object[])
UnityEngine.Logger:Log (UnityEngine.LogType,object)
UnityEngine.Debug:Log (object)
LTW.UnityClient.Editor.VisualReviewCaptureRunner:WriteImmediateCapture (string,string,System.Nullable`1<int>,System.Nullable`1<int>) (at Assets/Editor/VisualReviewCaptureRunner.cs:1063)
LTW.UnityClient.Editor.VisualReviewCaptureRunner:QueueCapture (string) (at Assets/Editor/VisualReviewCaptureRunner.cs:986)
LTW.UnityClient.Editor.VisualReviewCaptureRunner:Update () (at Assets/Editor/VisualReviewCaptureRunner.cs:231)
UnityEditor.EditorApplication:Internal_CallUpdateFunctions ()

(Filename: Assets/Editor/VisualReviewCaptureRunner.cs Line: 1063)

Saved visual review capture C:\Voucher-Management\vouchermanagement\LTW\docs\screenshot-reviews\mobile-art-endpoint-sprite-promotion\mobile-art-endpoint-sprite-promotion\after\phone-standard-portrait\03-build-card-selected.png
UnityEngine.Debug:ExtractStackTraceNoAlloc (byte*,int,string)
UnityEngine.StackTraceUtility:ExtractStackTrace ()
UnityEngine.DebugLogHandler:Internal_Log (UnityEngine.LogType,UnityEngine.LogOption,string,UnityEngine.Object)
UnityEngine.DebugLogHandler:LogFormat (UnityEngine.LogType,UnityEngine.Object,string,object[])
UnityEngine.Logger:Log (UnityEngine.LogType,object)
UnityEngine.Debug:Log (object)
LTW.UnityClient.Editor.VisualReviewCaptureRunner:WriteImmediateCapture (string,string,System.Nullable`1<int>,System.Nullable`1<int>) (at Assets/Editor/VisualReviewCaptureRunner.cs:1063)
LTW.UnityClient.Editor.VisualReviewCaptureRunner:QueueCapture (string) (at Assets/Editor/VisualReviewCaptureRunner.cs:986)
LTW.UnityClient.Editor.VisualReviewCaptureRunner:Update () (at Assets/Editor/VisualReviewCaptureRunner.cs:231)
UnityEditor.EditorApplication:Internal_CallUpdateFunctions ()

(Filename: Assets/Editor/VisualReviewCaptureRunner.cs Line: 1063)

Saved visual review capture C:\Voucher-Management\vouchermanagement\LTW\docs\screenshot-reviews\mobile-art-endpoint-sprite-promotion\mobile-art-endpoint-sprite-promotion\after\phone-tall-portrait\03-build-card-selected.png
UnityEngine.Debug:ExtractStackTraceNoAlloc (byte*,int,string)
UnityEngine.StackTraceUtility:ExtractStackTrace ()
UnityEngine.DebugLogHandler:Internal_Log (UnityEngine.LogType,UnityEngine.LogOption,string,UnityEngine.Object)
UnityEngine.DebugLogHandler:LogFormat (UnityEngine.LogType,UnityEngine.Object,string,object[])
UnityEngine.Logger:Log (UnityEngine.LogType,object)
UnityEngine.Debug:Log (object)
LTW.UnityClient.Editor.VisualReviewCaptureRunner:WriteImmediateCapture (string,string,System.Nullable`1<int>,System.Nullable`1<int>) (at Assets/Editor/VisualReviewCaptureRunner.cs:1063)
LTW.UnityClient.Editor.VisualReviewCaptureRunner:QueueCapture (string) (at Assets/Editor/VisualReviewCaptureRunner.cs:986)
LTW.UnityClient.Editor.VisualReviewCaptureRunner:Update () (at Assets/Editor/VisualReviewCaptureRunner.cs:231)
UnityEditor.EditorApplication:Internal_CallUpdateFunctions ()

(Filename: Assets/Editor/VisualReviewCaptureRunner.cs Line: 1063)

Saved visual review capture C:\Voucher-Management\vouchermanagement\LTW\docs\screenshot-reviews\mobile-art-endpoint-sprite-promotion\mobile-art-endpoint-sprite-promotion\after\phone-safe-area-portrait\03-build-card-selected.png
UnityEngine.Debug:ExtractStackTraceNoAlloc (byte*,int,string)
UnityEngine.StackTraceUtility:ExtractStackTrace ()
UnityEngine.DebugLogHandler:Internal_Log (UnityEngine.LogType,UnityEngine.LogOption,string,UnityEngine.Object)
UnityEngine.DebugLogHandler:LogFormat (UnityEngine.LogType,UnityEngine.Object,string,object[])
UnityEngine.Logger:Log (UnityEngine.LogType,object)
UnityEngine.Debug:Log (object)
LTW.UnityClient.Editor.VisualReviewCaptureRunner:WriteImmediateCapture (string,string,System.Nullable`1<int>,System.Nullable`1<int>) (at Assets/Editor/VisualReviewCaptureRunner.cs:1063)
LTW.UnityClient.Editor.VisualReviewCaptureRunner:QueueCapture (string) (at Assets/Editor/VisualReviewCaptureRunner.cs:986)
LTW.UnityClient.Editor.VisualReviewCaptureRunner:Update () (at Assets/Editor/VisualReviewCaptureRunner.cs:231)
UnityEditor.EditorApplication:Internal_CallUpdateFunctions ()

(Filename: Assets/Editor/VisualReviewCaptureRunner.cs Line: 1063)

Saved visual review capture C:\Voucher-Management\vouchermanagement\LTW\docs\screenshot-reviews\mobile-art-endpoint-sprite-promotion\mobile-art-endpoint-sprite-promotion\after\phone-small-portrait\04-send-menu-open.png
UnityEngine.Debug:ExtractStackTraceNoAlloc (byte*,int,string)
UnityEngine.StackTraceUtility:ExtractStackTrace ()
UnityEngine.DebugLogHandler:Internal_Log (UnityEngine.LogType,UnityEngine.LogOption,string,UnityEngine.Object)
UnityEngine.DebugLogHandler:LogFormat (UnityEngine.LogType,UnityEngine.Object,string,object[])
UnityEngine.Logger:Log (UnityEngine.LogType,object)
UnityEngine.Debug:Log (object)
LTW.UnityClient.Editor.VisualReviewCaptureRunner:WriteImmediateCapture (string,string,System.Nullable`1<int>,System.Nullable`1<int>) (at Assets/Editor/VisualReviewCaptureRunner.cs:1063)
LTW.UnityClient.Editor.VisualReviewCaptureRunner:QueueCapture (string) (at Assets/Editor/VisualReviewCaptureRunner.cs:986)
LTW.UnityClient.Editor.VisualReviewCaptureRunner:Update () (at Assets/Editor/VisualReviewCaptureRunner.cs:231)
UnityEditor.EditorApplication:Internal_CallUpdateFunctions ()

(Filename: Assets/Editor/VisualReviewCaptureRunner.cs Line: 1063)

Saved visual review capture C:\Voucher-Management\vouchermanagement\LTW\docs\screenshot-reviews\mobile-art-endpoint-sprite-promotion\mobile-art-endpoint-sprite-promotion\after\phone-standard-portrait\04-send-menu-open.png
UnityEngine.Debug:ExtractStackTraceNoAlloc (byte*,int,string)
UnityEngine.StackTraceUtility:ExtractStackTrace ()
UnityEngine.DebugLogHandler:Internal_Log (UnityEngine.LogType,UnityEngine.LogOption,string,UnityEngine.Object)
UnityEngine.DebugLogHandler:LogFormat (UnityEngine.LogType,UnityEngine.Object,string,object[])
UnityEngine.Logger:Log (UnityEngine.LogType,object)
UnityEngine.Debug:Log (object)
LTW.UnityClient.Editor.VisualReviewCaptureRunner:WriteImmediateCapture (string,string,System.Nullable`1<int>,System.Nullable`1<int>) (at Assets/Editor/VisualReviewCaptureRunner.cs:1063)
LTW.UnityClient.Editor.VisualReviewCaptureRunner:QueueCapture (string) (at Assets/Editor/VisualReviewCaptureRunner.cs:986)
LTW.UnityClient.Editor.VisualReviewCaptureRunner:Update () (at Assets/Editor/VisualReviewCaptureRunner.cs:231)
UnityEditor.EditorApplication:Internal_CallUpdateFunctions ()

(Filename: Assets/Editor/VisualReviewCaptureRunner.cs Line: 1063)

Saved visual review capture C:\Voucher-Management\vouchermanagement\LTW\docs\screenshot-reviews\mobile-art-endpoint-sprite-promotion\mobile-art-endpoint-sprite-promotion\after\phone-tall-portrait\04-send-menu-open.png
UnityEngine.Debug:ExtractStackTraceNoAlloc (byte*,int,string)
UnityEngine.StackTraceUtility:ExtractStackTrace ()
UnityEngine.DebugLogHandler:Internal_Log (UnityEngine.LogType,UnityEngine.LogOption,string,UnityEngine.Object)
UnityEngine.DebugLogHandler:LogFormat (UnityEngine.LogType,UnityEngine.Object,string,object[])
UnityEngine.Logger:Log (UnityEngine.LogType,object)
UnityEngine.Debug:Log (object)
LTW.UnityClient.Editor.VisualReviewCaptureRunner:WriteImmediateCapture (string,string,System.Nullable`1<int>,System.Nullable`1<int>) (at Assets/Editor/VisualReviewCaptureRunner.cs:1063)
LTW.UnityClient.Editor.VisualReviewCaptureRunner:QueueCapture (string) (at Assets/Editor/VisualReviewCaptureRunner.cs:986)
LTW.UnityClient.Editor.VisualReviewCaptureRunner:Update () (at Assets/Editor/VisualReviewCaptureRunner.cs:231)
UnityEditor.EditorApplication:Internal_CallUpdateFunctions ()

(Filename: Assets/Editor/VisualReviewCaptureRunner.cs Line: 1063)

Saved visual review capture C:\Voucher-Management\vouchermanagement\LTW\docs\screenshot-reviews\mobile-art-endpoint-sprite-promotion\mobile-art-endpoint-sprite-promotion\after\phone-safe-area-portrait\04-send-menu-open.png
UnityEngine.Debug:ExtractStackTraceNoAlloc (byte*,int,string)
UnityEngine.StackTraceUtility:ExtractStackTrace ()
UnityEngine.DebugLogHandler:Internal_Log (UnityEngine.LogType,UnityEngine.LogOption,string,UnityEngine.Object)
UnityEngine.DebugLogHandler:LogFormat (UnityEngine.LogType,UnityEngine.Object,string,object[])
UnityEngine.Logger:Log (UnityEngine.LogType,object)
UnityEngine.Debug:Log (object)
LTW.UnityClient.Editor.VisualReviewCaptureRunner:WriteImmediateCapture (string,string,System.Nullable`1<int>,System.Nullable`1<int>) (at Assets/Editor/VisualReviewCaptureRunner.cs:1063)
LTW.UnityClient.Editor.VisualReviewCaptureRunner:QueueCapture (string) (at Assets/Editor/VisualReviewCaptureRunner.cs:986)
LTW.UnityClient.Editor.VisualReviewCaptureRunner:Update () (at Assets/Editor/VisualReviewCaptureRunner.cs:231)
UnityEditor.EditorApplication:Internal_CallUpdateFunctions ()

(Filename: Assets/Editor/VisualReviewCaptureRunner.cs Line: 1063)

Saved visual review capture C:\Voucher-Management\vouchermanagement\LTW\docs\screenshot-reviews\mobile-art-endpoint-sprite-promotion\mobile-art-endpoint-sprite-promotion\after\phone-small-portrait\05-send-card-disabled.png
UnityEngine.Debug:ExtractStackTraceNoAlloc (byte*,int,string)
UnityEngine.StackTraceUtility:ExtractStackTrace ()
UnityEngine.DebugLogHandler:Internal_Log (UnityEngine.LogType,UnityEngine.LogOption,string,UnityEngine.Object)
UnityEngine.DebugLogHandler:LogFormat (UnityEngine.LogType,UnityEngine.Object,string,object[])
UnityEngine.Logger:Log (UnityEngine.LogType,object)
UnityEngine.Debug:Log (object)
LTW.UnityClient.Editor.VisualReviewCaptureRunner:WriteImmediateCapture (string,string,System.Nullable`1<int>,System.Nullable`1<int>) (at Assets/Editor/VisualReviewCaptureRunner.cs:1063)
LTW.UnityClient.Editor.VisualReviewCaptureRunner:QueueCapture (string) (at Assets/Editor/VisualReviewCaptureRunner.cs:986)
LTW.UnityClient.Editor.VisualReviewCaptureRunner:Update () (at Assets/Editor/VisualReviewCaptureRunner.cs:231)
UnityEditor.EditorApplication:Internal_CallUpdateFunctions ()

(Filename: Assets/Editor/VisualReviewCaptureRunner.cs Line: 1063)

Saved visual review capture C:\Voucher-Management\vouchermanagement\LTW\docs\screenshot-reviews\mobile-art-endpoint-sprite-promotion\mobile-art-endpoint-sprite-promotion\after\phone-standard-portrait\05-send-card-disabled.png
UnityEngine.Debug:ExtractStackTraceNoAlloc (byte*,int,string)
UnityEngine.StackTraceUtility:ExtractStackTrace ()
UnityEngine.DebugLogHandler:Internal_Log (UnityEngine.LogType,UnityEngine.LogOption,string,UnityEngine.Object)
UnityEngine.DebugLogHandler:LogFormat (UnityEngine.LogType,UnityEngine.Object,string,object[])
UnityEngine.Logger:Log (UnityEngine.LogType,object)
UnityEngine.Debug:Log (object)
LTW.UnityClient.Editor.VisualReviewCaptureRunner:WriteImmediateCapture (string,string,System.Nullable`1<int>,System.Nullable`1<int>) (at Assets/Editor/VisualReviewCaptureRunner.cs:1063)
LTW.UnityClient.Editor.VisualReviewCaptureRunner:QueueCapture (string) (at Assets/Editor/VisualReviewCaptureRunner.cs:986)
LTW.UnityClient.Editor.VisualReviewCaptureRunner:Update () (at Assets/Editor/VisualReviewCaptureRunner.cs:231)
UnityEditor.EditorApplication:Internal_CallUpdateFunctions ()

(Filename: Assets/Editor/VisualReviewCaptureRunner.cs Line: 1063)

Saved visual review capture C:\Voucher-Management\vouchermanagement\LTW\docs\screenshot-reviews\mobile-art-endpoint-sprite-promotion\mobile-art-endpoint-sprite-promotion\after\phone-tall-portrait\05-send-card-disabled.png
UnityEngine.Debug:ExtractStackTraceNoAlloc (byte*,int,string)
UnityEngine.StackTraceUtility:ExtractStackTrace ()
UnityEngine.DebugLogHandler:Internal_Log (UnityEngine.LogType,UnityEngine.LogOption,string,UnityEngine.Object)
UnityEngine.DebugLogHandler:LogFormat (UnityEngine.LogType,UnityEngine.Object,string,object[])
UnityEngine.Logger:Log (UnityEngine.LogType,object)
UnityEngine.Debug:Log (object)
LTW.UnityClient.Editor.VisualReviewCaptureRunner:WriteImmediateCapture (string,string,System.Nullable`1<int>,System.Nullable`1<int>) (at Assets/Editor/VisualReviewCaptureRunner.cs:1063)
LTW.UnityClient.Editor.VisualReviewCaptureRunner:QueueCapture (string) (at Assets/Editor/VisualReviewCaptureRunner.cs:986)
LTW.UnityClient.Editor.VisualReviewCaptureRunner:Update () (at Assets/Editor/VisualReviewCaptureRunner.cs:231)
UnityEditor.EditorApplication:Internal_CallUpdateFunctions ()

(Filename: Assets/Editor/VisualReviewCaptureRunner.cs Line: 1063)

Saved visual review capture C:\Voucher-Management\vouchermanagement\LTW\docs\screenshot-reviews\mobile-art-endpoint-sprite-promotion\mobile-art-endpoint-sprite-promotion\after\phone-safe-area-portrait\05-send-card-disabled.png
UnityEngine.Debug:ExtractStackTraceNoAlloc (byte*,int,string)
UnityEngine.StackTraceUtility:ExtractStackTrace ()
UnityEngine.DebugLogHandler:Internal_Log (UnityEngine.LogType,UnityEngine.LogOption,string,UnityEngine.Object)
UnityEngine.DebugLogHandler:LogFormat (UnityEngine.LogType,UnityEngine.Object,string,object[])
UnityEngine.Logger:Log (UnityEngine.LogType,object)
UnityEngine.Debug:Log (object)
LTW.UnityClient.Editor.VisualReviewCaptureRunner:WriteImmediateCapture (string,string,System.Nullable`1<int>,System.Nullable`1<int>) (at Assets/Editor/VisualReviewCaptureRunner.cs:1063)
LTW.UnityClient.Editor.VisualReviewCaptureRunner:QueueCapture (string) (at Assets/Editor/VisualReviewCaptureRunner.cs:986)
LTW.UnityClient.Editor.VisualReviewCaptureRunner:Update () (at Assets/Editor/VisualReviewCaptureRunner.cs:231)
UnityEditor.EditorApplication:Internal_CallUpdateFunctions ()

(Filename: Assets/Editor/VisualReviewCaptureRunner.cs Line: 1063)

Saved visual review capture C:\Voucher-Management\vouchermanagement\LTW\docs\screenshot-reviews\mobile-art-endpoint-sprite-promotion\mobile-art-endpoint-sprite-promotion\after\phone-small-portrait\06-lane-selector-open.png
UnityEngine.Debug:ExtractStackTraceNoAlloc (byte*,int,string)
UnityEngine.StackTraceUtility:ExtractStackTrace ()
UnityEngine.DebugLogHandler:Internal_Log (UnityEngine.LogType,UnityEngine.LogOption,string,UnityEngine.Object)
UnityEngine.DebugLogHandler:LogFormat (UnityEngine.LogType,UnityEngine.Object,string,object[])
UnityEngine.Logger:Log (UnityEngine.LogType,object)
UnityEngine.Debug:Log (object)
LTW.UnityClient.Editor.VisualReviewCaptureRunner:WriteImmediateCapture (string,string,System.Nullable`1<int>,System.Nullable`1<int>) (at Assets/Editor/VisualReviewCaptureRunner.cs:1063)
LTW.UnityClient.Editor.VisualReviewCaptureRunner:QueueCapture (string) (at Assets/Editor/VisualReviewCaptureRunner.cs:986)
LTW.UnityClient.Editor.VisualReviewCaptureRunner:Update () (at Assets/Editor/VisualReviewCaptureRunner.cs:231)
UnityEditor.EditorApplication:Internal_CallUpdateFunctions ()

(Filename: Assets/Editor/VisualReviewCaptureRunner.cs Line: 1063)

Saved visual review capture C:\Voucher-Management\vouchermanagement\LTW\docs\screenshot-reviews\mobile-art-endpoint-sprite-promotion\mobile-art-endpoint-sprite-promotion\after\phone-standard-portrait\06-lane-selector-open.png
UnityEngine.Debug:ExtractStackTraceNoAlloc (byte*,int,string)
UnityEngine.StackTraceUtility:ExtractStackTrace ()
UnityEngine.DebugLogHandler:Internal_Log (UnityEngine.LogType,UnityEngine.LogOption,string,UnityEngine.Object)
UnityEngine.DebugLogHandler:LogFormat (UnityEngine.LogType,UnityEngine.Object,string,object[])
UnityEngine.Logger:Log (UnityEngine.LogType,object)
UnityEngine.Debug:Log (object)
LTW.UnityClient.Editor.VisualReviewCaptureRunner:WriteImmediateCapture (string,string,System.Nullable`1<int>,System.Nullable`1<int>) (at Assets/Editor/VisualReviewCaptureRunner.cs:1063)
LTW.UnityClient.Editor.VisualReviewCaptureRunner:QueueCapture (string) (at Assets/Editor/VisualReviewCaptureRunner.cs:986)
LTW.UnityClient.Editor.VisualReviewCaptureRunner:Update () (at Assets/Editor/VisualReviewCaptureRunner.cs:231)
UnityEditor.EditorApplication:Internal_CallUpdateFunctions ()

(Filename: Assets/Editor/VisualReviewCaptureRunner.cs Line: 1063)

Saved visual review capture C:\Voucher-Management\vouchermanagement\LTW\docs\screenshot-reviews\mobile-art-endpoint-sprite-promotion\mobile-art-endpoint-sprite-promotion\after\phone-tall-portrait\06-lane-selector-open.png
UnityEngine.Debug:ExtractStackTraceNoAlloc (byte*,int,string)
UnityEngine.StackTraceUtility:ExtractStackTrace ()
UnityEngine.DebugLogHandler:Internal_Log (UnityEngine.LogType,UnityEngine.LogOption,string,UnityEngine.Object)
UnityEngine.DebugLogHandler:LogFormat (UnityEngine.LogType,UnityEngine.Object,string,object[])
UnityEngine.Logger:Log (UnityEngine.LogType,object)
UnityEngine.Debug:Log (object)
LTW.UnityClient.Editor.VisualReviewCaptureRunner:WriteImmediateCapture (string,string,System.Nullable`1<int>,System.Nullable`1<int>) (at Assets/Editor/VisualReviewCaptureRunner.cs:1063)
LTW.UnityClient.Editor.VisualReviewCaptureRunner:QueueCapture (string) (at Assets/Editor/VisualReviewCaptureRunner.cs:986)
LTW.UnityClient.Editor.VisualReviewCaptureRunner:Update () (at Assets/Editor/VisualReviewCaptureRunner.cs:231)
UnityEditor.EditorApplication:Internal_CallUpdateFunctions ()

(Filename: Assets/Editor/VisualReviewCaptureRunner.cs Line: 1063)

Saved visual review capture C:\Voucher-Management\vouchermanagement\LTW\docs\screenshot-reviews\mobile-art-endpoint-sprite-promotion\mobile-art-endpoint-sprite-promotion\after\phone-safe-area-portrait\06-lane-selector-open.png
UnityEngine.Debug:ExtractStackTraceNoAlloc (byte*,int,string)
UnityEngine.StackTraceUtility:ExtractStackTrace ()
UnityEngine.DebugLogHandler:Internal_Log (UnityEngine.LogType,UnityEngine.LogOption,string,UnityEngine.Object)
UnityEngine.DebugLogHandler:LogFormat (UnityEngine.LogType,UnityEngine.Object,string,object[])
UnityEngine.Logger:Log (UnityEngine.LogType,object)
UnityEngine.Debug:Log (object)
LTW.UnityClient.Editor.VisualReviewCaptureRunner:WriteImmediateCapture (string,string,System.Nullable`1<int>,System.Nullable`1<int>) (at Assets/Editor/VisualReviewCaptureRunner.cs:1063)
LTW.UnityClient.Editor.VisualReviewCaptureRunner:QueueCapture (string) (at Assets/Editor/VisualReviewCaptureRunner.cs:986)
LTW.UnityClient.Editor.VisualReviewCaptureRunner:Update () (at Assets/Editor/VisualReviewCaptureRunner.cs:231)
UnityEditor.EditorApplication:Internal_CallUpdateFunctions ()

(Filename: Assets/Editor/VisualReviewCaptureRunner.cs Line: 1063)

LTW role lineup accepted: reduced effects Arrow tower
UnityEngine.Debug:ExtractStackTraceNoAlloc (byte*,int,string)
UnityEngine.StackTraceUtility:ExtractStackTrace ()
UnityEngine.DebugLogHandler:Internal_Log (UnityEngine.LogType,UnityEngine.LogOption,string,UnityEngine.Object)
UnityEngine.DebugLogHandler:LogFormat (UnityEngine.LogType,UnityEngine.Object,string,object[])
UnityEngine.Logger:Log (UnityEngine.LogType,object)
UnityEngine.Debug:Log (object)
LTW.UnityClient.Editor.VisualReviewCaptureRunner:LogCommandResult (string,LTW.Simulation.Bridge.VerticalSliceCommandResult) (at Assets/Editor/VisualReviewCaptureRunner.cs:948)
LTW.UnityClient.Editor.VisualReviewCaptureRunner:StartCombat (LTW.UnityClient.Simulation.UnitySimulationDriver,LTW.UnityClient.Simulation.UnityCommandAdapter) (at Assets/Editor/VisualReviewCaptureRunner.cs:530)
LTW.UnityClient.Editor.VisualReviewCaptureRunner:Update () (at Assets/Editor/VisualReviewCaptureRunner.cs:311)
UnityEditor.EditorApplication:Internal_CallUpdateFunctions ()

(Filename: Assets/Editor/VisualReviewCaptureRunner.cs Line: 948)

LTW role lineup accepted: reduced effects Control tower
UnityEngine.Debug:ExtractStackTraceNoAlloc (byte*,int,string)
UnityEngine.StackTraceUtility:ExtractStackTrace ()
UnityEngine.DebugLogHandler:Internal_Log (UnityEngine.LogType,UnityEngine.LogOption,string,UnityEngine.Object)
UnityEngine.DebugLogHandler:LogFormat (UnityEngine.LogType,UnityEngine.Object,string,object[])
UnityEngine.Logger:Log (UnityEngine.LogType,object)
UnityEngine.Debug:Log (object)
LTW.UnityClient.Editor.VisualReviewCaptureRunner:LogCommandResult (string,LTW.Simulation.Bridge.VerticalSliceCommandResult) (at Assets/Editor/VisualReviewCaptureRunner.cs:948)
LTW.UnityClient.Editor.VisualReviewCaptureRunner:StartCombat (LTW.UnityClient.Simulation.UnitySimulationDriver,LTW.UnityClient.Simulation.UnityCommandAdapter) (at Assets/Editor/VisualReviewCaptureRunner.cs:531)
LTW.UnityClient.Editor.VisualReviewCaptureRunner:Update () (at Assets/Editor/VisualReviewCaptureRunner.cs:311)
UnityEditor.EditorApplication:Internal_CallUpdateFunctions ()

(Filename: Assets/Editor/VisualReviewCaptureRunner.cs Line: 948)

LTW role lineup accepted: reduced effects Runner pressure
UnityEngine.Debug:ExtractStackTraceNoAlloc (byte*,int,string)
UnityEngine.StackTraceUtility:ExtractStackTrace ()
UnityEngine.DebugLogHandler:Internal_Log (UnityEngine.LogType,UnityEngine.LogOption,string,UnityEngine.Object)
UnityEngine.DebugLogHandler:LogFormat (UnityEngine.LogType,UnityEngine.Object,string,object[])
UnityEngine.Logger:Log (UnityEngine.LogType,object)
UnityEngine.Debug:Log (object)
LTW.UnityClient.Editor.VisualReviewCaptureRunner:LogCommandResult (string,LTW.Simulation.Bridge.VerticalSliceCommandResult) (at Assets/Editor/VisualReviewCaptureRunner.cs:948)
LTW.UnityClient.Editor.VisualReviewCaptureRunner:StartCombat (LTW.UnityClient.Simulation.UnitySimulationDriver,LTW.UnityClient.Simulation.UnityCommandAdapter) (at Assets/Editor/VisualReviewCaptureRunner.cs:532)
LTW.UnityClient.Editor.VisualReviewCaptureRunner:Update () (at Assets/Editor/VisualReviewCaptureRunner.cs:311)
UnityEditor.EditorApplication:Internal_CallUpdateFunctions ()

(Filename: Assets/Editor/VisualReviewCaptureRunner.cs Line: 948)

LTW role lineup accepted: reduced effects Brute pressure
UnityEngine.Debug:ExtractStackTraceNoAlloc (byte*,int,string)
UnityEngine.StackTraceUtility:ExtractStackTrace ()
UnityEngine.DebugLogHandler:Internal_Log (UnityEngine.LogType,UnityEngine.LogOption,string,UnityEngine.Object)
UnityEngine.DebugLogHandler:LogFormat (UnityEngine.LogType,UnityEngine.Object,string,object[])
UnityEngine.Logger:Log (UnityEngine.LogType,object)
UnityEngine.Debug:Log (object)
LTW.UnityClient.Editor.VisualReviewCaptureRunner:LogCommandResult (string,LTW.Simulation.Bridge.VerticalSliceCommandResult) (at Assets/Editor/VisualReviewCaptureRunner.cs:948)
LTW.UnityClient.Editor.VisualReviewCaptureRunner:StartCombat (LTW.UnityClient.Simulation.UnitySimulationDriver,LTW.UnityClient.Simulation.UnityCommandAdapter) (at Assets/Editor/VisualReviewCaptureRunner.cs:533)
LTW.UnityClient.Editor.VisualReviewCaptureRunner:Update () (at Assets/Editor/VisualReviewCaptureRunner.cs:311)
UnityEditor.EditorApplication:Internal_CallUpdateFunctions ()

(Filename: Assets/Editor/VisualReviewCaptureRunner.cs Line: 948)

LTW role lineup accepted: reduced effects Swarm pressure
UnityEngine.Debug:ExtractStackTraceNoAlloc (byte*,int,string)
UnityEngine.StackTraceUtility:ExtractStackTrace ()
UnityEngine.DebugLogHandler:Internal_Log (UnityEngine.LogType,UnityEngine.LogOption,string,UnityEngine.Object)
UnityEngine.DebugLogHandler:LogFormat (UnityEngine.LogType,UnityEngine.Object,string,object[])
UnityEngine.Logger:Log (UnityEngine.LogType,object)
UnityEngine.Debug:Log (object)
LTW.UnityClient.Editor.VisualReviewCaptureRunner:LogCommandResult (string,LTW.Simulation.Bridge.VerticalSliceCommandResult) (at Assets/Editor/VisualReviewCaptureRunner.cs:948)
LTW.UnityClient.Editor.VisualReviewCaptureRunner:StartCombat (LTW.UnityClient.Simulation.UnitySimulationDriver,LTW.UnityClient.Simulation.UnityCommandAdapter) (at Assets/Editor/VisualReviewCaptureRunner.cs:534)
LTW.UnityClient.Editor.VisualReviewCaptureRunner:Update () (at Assets/Editor/VisualReviewCaptureRunner.cs:311)
UnityEditor.EditorApplication:Internal_CallUpdateFunctions ()

(Filename: Assets/Editor/VisualReviewCaptureRunner.cs Line: 948)

Saved visual review capture C:\Voucher-Management\vouchermanagement\LTW\docs\screenshot-reviews\mobile-art-endpoint-sprite-promotion\mobile-art-endpoint-sprite-promotion\after\phone-small-portrait\07-active-combat.png
UnityEngine.Debug:ExtractStackTraceNoAlloc (byte*,int,string)
UnityEngine.StackTraceUtility:ExtractStackTrace ()
UnityEngine.DebugLogHandler:Internal_Log (UnityEngine.LogType,UnityEngine.LogOption,string,UnityEngine.Object)
UnityEngine.DebugLogHandler:LogFormat (UnityEngine.LogType,UnityEngine.Object,string,object[])
UnityEngine.Logger:Log (UnityEngine.LogType,object)
UnityEngine.Debug:Log (object)
LTW.UnityClient.Editor.VisualReviewCaptureRunner:WriteImmediateCapture (string,string,System.Nullable`1<int>,System.Nullable`1<int>) (at Assets/Editor/VisualReviewCaptureRunner.cs:1063)
LTW.UnityClient.Editor.VisualReviewCaptureRunner:QueueCapture (string) (at Assets/Editor/VisualReviewCaptureRunner.cs:986)
LTW.UnityClient.Editor.VisualReviewCaptureRunner:Update () (at Assets/Editor/VisualReviewCaptureRunner.cs:231)
UnityEditor.EditorApplication:Internal_CallUpdateFunctions ()

(Filename: Assets/Editor/VisualReviewCaptureRunner.cs Line: 1063)

Saved visual review capture C:\Voucher-Management\vouchermanagement\LTW\docs\screenshot-reviews\mobile-art-endpoint-sprite-promotion\mobile-art-endpoint-sprite-promotion\after\phone-standard-portrait\07-active-combat.png
UnityEngine.Debug:ExtractStackTraceNoAlloc (byte*,int,string)
UnityEngine.StackTraceUtility:ExtractStackTrace ()
UnityEngine.DebugLogHandler:Internal_Log (UnityEngine.LogType,UnityEngine.LogOption,string,UnityEngine.Object)
UnityEngine.DebugLogHandler:LogFormat (UnityEngine.LogType,UnityEngine.Object,string,object[])
UnityEngine.Logger:Log (UnityEngine.LogType,object)
UnityEngine.Debug:Log (object)
LTW.UnityClient.Editor.VisualReviewCaptureRunner:WriteImmediateCapture (string,string,System.Nullable`1<int>,System.Nullable`1<int>) (at Assets/Editor/VisualReviewCaptureRunner.cs:1063)
LTW.UnityClient.Editor.VisualReviewCaptureRunner:QueueCapture (string) (at Assets/Editor/VisualReviewCaptureRunner.cs:986)
LTW.UnityClient.Editor.VisualReviewCaptureRunner:Update () (at Assets/Editor/VisualReviewCaptureRunner.cs:231)
UnityEditor.EditorApplication:Internal_CallUpdateFunctions ()

(Filename: Assets/Editor/VisualReviewCaptureRunner.cs Line: 1063)

Saved visual review capture C:\Voucher-Management\vouchermanagement\LTW\docs\screenshot-reviews\mobile-art-endpoint-sprite-promotion\mobile-art-endpoint-sprite-promotion\after\phone-tall-portrait\07-active-combat.png
UnityEngine.Debug:ExtractStackTraceNoAlloc (byte*,int,string)
UnityEngine.StackTraceUtility:ExtractStackTrace ()
UnityEngine.DebugLogHandler:Internal_Log (UnityEngine.LogType,UnityEngine.LogOption,string,UnityEngine.Object)
UnityEngine.DebugLogHandler:LogFormat (UnityEngine.LogType,UnityEngine.Object,string,object[])
UnityEngine.Logger:Log (UnityEngine.LogType,object)
UnityEngine.Debug:Log (object)
LTW.UnityClient.Editor.VisualReviewCaptureRunner:WriteImmediateCapture (string,string,System.Nullable`1<int>,System.Nullable`1<int>) (at Assets/Editor/VisualReviewCaptureRunner.cs:1063)
LTW.UnityClient.Editor.VisualReviewCaptureRunner:QueueCapture (string) (at Assets/Editor/VisualReviewCaptureRunner.cs:986)
LTW.UnityClient.Editor.VisualReviewCaptureRunner:Update () (at Assets/Editor/VisualReviewCaptureRunner.cs:231)
UnityEditor.EditorApplication:Internal_CallUpdateFunctions ()

(Filename: Assets/Editor/VisualReviewCaptureRunner.cs Line: 1063)

Saved visual review capture C:\Voucher-Management\vouchermanagement\LTW\docs\screenshot-reviews\mobile-art-endpoint-sprite-promotion\mobile-art-endpoint-sprite-promotion\after\phone-safe-area-portrait\07-active-combat.png
UnityEngine.Debug:ExtractStackTraceNoAlloc (byte*,int,string)
UnityEngine.StackTraceUtility:ExtractStackTrace ()
UnityEngine.DebugLogHandler:Internal_Log (UnityEngine.LogType,UnityEngine.LogOption,string,UnityEngine.Object)
UnityEngine.DebugLogHandler:LogFormat (UnityEngine.LogType,UnityEngine.Object,string,object[])
UnityEngine.Logger:Log (UnityEngine.LogType,object)
UnityEngine.Debug:Log (object)
LTW.UnityClient.Editor.VisualReviewCaptureRunner:WriteImmediateCapture (string,string,System.Nullable`1<int>,System.Nullable`1<int>) (at Assets/Editor/VisualReviewCaptureRunner.cs:1063)
LTW.UnityClient.Editor.VisualReviewCaptureRunner:QueueCapture (string) (at Assets/Editor/VisualReviewCaptureRunner.cs:986)
LTW.UnityClient.Editor.VisualReviewCaptureRunner:Update () (at Assets/Editor/VisualReviewCaptureRunner.cs:231)
UnityEditor.EditorApplication:Internal_CallUpdateFunctions ()

(Filename: Assets/Editor/VisualReviewCaptureRunner.cs Line: 1063)

LTW role lineup accepted: canonical runner x10
UnityEngine.Debug:ExtractStackTraceNoAlloc (byte*,int,string)
UnityEngine.StackTraceUtility:ExtractStackTrace ()
UnityEngine.DebugLogHandler:Internal_Log (UnityEngine.LogType,UnityEngine.LogOption,string,UnityEngine.Object)
UnityEngine.DebugLogHandler:LogFormat (UnityEngine.LogType,UnityEngine.Object,string,object[])
UnityEngine.Logger:Log (UnityEngine.LogType,object)
UnityEngine.Debug:Log (object)
LTW.UnityClient.Editor.VisualReviewCaptureRunner:LogCommandResult (string,LTW.Simulation.Bridge.VerticalSliceCommandResult) (at Assets/Editor/VisualReviewCaptureRunner.cs:948)
LTW.UnityClient.Editor.VisualReviewCaptureRunner:Update () (at Assets/Editor/VisualReviewCaptureRunner.cs:319)
UnityEditor.EditorApplication:Internal_CallUpdateFunctions ()

(Filename: Assets/Editor/VisualReviewCaptureRunner.cs Line: 948)

Saved visual review capture C:\Voucher-Management\vouchermanagement\LTW\docs\screenshot-reviews\mobile-art-endpoint-sprite-promotion\mobile-art-endpoint-sprite-promotion\after\phone-small-portrait\08-runner-10-pressure.png
UnityEngine.Debug:ExtractStackTraceNoAlloc (byte*,int,string)
UnityEngine.StackTraceUtility:ExtractStackTrace ()
UnityEngine.DebugLogHandler:Internal_Log (UnityEngine.LogType,UnityEngine.LogOption,string,UnityEngine.Object)
UnityEngine.DebugLogHandler:LogFormat (UnityEngine.LogType,UnityEngine.Object,string,object[])
UnityEngine.Logger:Log (UnityEngine.LogType,object)
UnityEngine.Debug:Log (object)
LTW.UnityClient.Editor.VisualReviewCaptureRunner:WriteImmediateCapture (string,string,System.Nullable`1<int>,System.Nullable`1<int>) (at Assets/Editor/VisualReviewCaptureRunner.cs:1063)
LTW.UnityClient.Editor.VisualReviewCaptureRunner:QueueCapture (string) (at Assets/Editor/VisualReviewCaptureRunner.cs:986)
LTW.UnityClient.Editor.VisualReviewCaptureRunner:Update () (at Assets/Editor/VisualReviewCaptureRunner.cs:231)
UnityEditor.EditorApplication:Internal_CallUpdateFunctions ()

(Filename: Assets/Editor/VisualReviewCaptureRunner.cs Line: 1063)

Saved visual review capture C:\Voucher-Management\vouchermanagement\LTW\docs\screenshot-reviews\mobile-art-endpoint-sprite-promotion\mobile-art-endpoint-sprite-promotion\after\phone-standard-portrait\08-runner-10-pressure.png
UnityEngine.Debug:ExtractStackTraceNoAlloc (byte*,int,string)
UnityEngine.StackTraceUtility:ExtractStackTrace ()
UnityEngine.DebugLogHandler:Internal_Log (UnityEngine.LogType,UnityEngine.LogOption,string,UnityEngine.Object)
UnityEngine.DebugLogHandler:LogFormat (UnityEngine.LogType,UnityEngine.Object,string,object[])
UnityEngine.Logger:Log (UnityEngine.LogType,object)
UnityEngine.Debug:Log (object)
LTW.UnityClient.Editor.VisualReviewCaptureRunner:WriteImmediateCapture (string,string,System.Nullable`1<int>,System.Nullable`1<int>) (at Assets/Editor/VisualReviewCaptureRunner.cs:1063)
LTW.UnityClient.Editor.VisualReviewCaptureRunner:QueueCapture (string) (at Assets/Editor/VisualReviewCaptureRunner.cs:986)
LTW.UnityClient.Editor.VisualReviewCaptureRunner:Update () (at Assets/Editor/VisualReviewCaptureRunner.cs:231)
UnityEditor.EditorApplication:Internal_CallUpdateFunctions ()

(Filename: Assets/Editor/VisualReviewCaptureRunner.cs Line: 1063)

Saved visual review capture C:\Voucher-Management\vouchermanagement\LTW\docs\screenshot-reviews\mobile-art-endpoint-sprite-promotion\mobile-art-endpoint-sprite-promotion\after\phone-tall-portrait\08-runner-10-pressure.png
UnityEngine.Debug:ExtractStackTraceNoAlloc (byte*,int,string)
UnityEngine.StackTraceUtility:ExtractStackTrace ()
UnityEngine.DebugLogHandler:Internal_Log (UnityEngine.LogType,UnityEngine.LogOption,string,UnityEngine.Object)
UnityEngine.DebugLogHandler:LogFormat (UnityEngine.LogType,UnityEngine.Object,string,object[])
UnityEngine.Logger:Log (UnityEngine.LogType,object)
UnityEngine.Debug:Log (object)
LTW.UnityClient.Editor.VisualReviewCaptureRunner:WriteImmediateCapture (string,string,System.Nullable`1<int>,System.Nullable`1<int>) (at Assets/Editor/VisualReviewCaptureRunner.cs:1063)
LTW.UnityClient.Editor.VisualReviewCaptureRunner:QueueCapture (string) (at Assets/Editor/VisualReviewCaptureRunner.cs:986)
LTW.UnityClient.Editor.VisualReviewCaptureRunner:Update () (at Assets/Editor/VisualReviewCaptureRunner.cs:231)
UnityEditor.EditorApplication:Internal_CallUpdateFunctions ()

(Filename: Assets/Editor/VisualReviewCaptureRunner.cs Line: 1063)

Saved visual review capture C:\Voucher-Management\vouchermanagement\LTW\docs\screenshot-reviews\mobile-art-endpoint-sprite-promotion\mobile-art-endpoint-sprite-promotion\after\phone-safe-area-portrait\08-runner-10-pressure.png
UnityEngine.Debug:ExtractStackTraceNoAlloc (byte*,int,string)
UnityEngine.StackTraceUtility:ExtractStackTrace ()
UnityEngine.DebugLogHandler:Internal_Log (UnityEngine.LogType,UnityEngine.LogOption,string,UnityEngine.Object)
UnityEngine.DebugLogHandler:LogFormat (UnityEngine.LogType,UnityEngine.Object,string,object[])
UnityEngine.Logger:Log (UnityEngine.LogType,object)
UnityEngine.Debug:Log (object)
LTW.UnityClient.Editor.VisualReviewCaptureRunner:WriteImmediateCapture (string,string,System.Nullable`1<int>,System.Nullable`1<int>) (at Assets/Editor/VisualReviewCaptureRunner.cs:1063)
LTW.UnityClient.Editor.VisualReviewCaptureRunner:QueueCapture (string) (at Assets/Editor/VisualReviewCaptureRunner.cs:986)
LTW.UnityClient.Editor.VisualReviewCaptureRunner:Update () (at Assets/Editor/VisualReviewCaptureRunner.cs:231)
UnityEditor.EditorApplication:Internal_CallUpdateFunctions ()

(Filename: Assets/Editor/VisualReviewCaptureRunner.cs Line: 1063)

LTW role lineup accepted: canonical swarm heavy
UnityEngine.Debug:ExtractStackTraceNoAlloc (byte*,int,string)
UnityEngine.StackTraceUtility:ExtractStackTrace ()
UnityEngine.DebugLogHandler:Internal_Log (UnityEngine.LogType,UnityEngine.LogOption,string,UnityEngine.Object)
UnityEngine.DebugLogHandler:LogFormat (UnityEngine.LogType,UnityEngine.Object,string,object[])
UnityEngine.Logger:Log (UnityEngine.LogType,object)
UnityEngine.Debug:Log (object)
LTW.UnityClient.Editor.VisualReviewCaptureRunner:LogCommandResult (string,LTW.Simulation.Bridge.VerticalSliceCommandResult) (at Assets/Editor/VisualReviewCaptureRunner.cs:948)
LTW.UnityClient.Editor.VisualReviewCaptureRunner:Update () (at Assets/Editor/VisualReviewCaptureRunner.cs:327)
UnityEditor.EditorApplication:Internal_CallUpdateFunctions ()

(Filename: Assets/Editor/VisualReviewCaptureRunner.cs Line: 948)

TrimDiskCacheJob: Current cache size 0mb
Saved visual review capture C:\Voucher-Management\vouchermanagement\LTW\docs\screenshot-reviews\mobile-art-endpoint-sprite-promotion\mobile-art-endpoint-sprite-promotion\after\phone-small-portrait\09-swarm-heavy-pressure.png
UnityEngine.Debug:ExtractStackTraceNoAlloc (byte*,int,string)
UnityEngine.StackTraceUtility:ExtractStackTrace ()
UnityEngine.DebugLogHandler:Internal_Log (UnityEngine.LogType,UnityEngine.LogOption,string,UnityEngine.Object)
UnityEngine.DebugLogHandler:LogFormat (UnityEngine.LogType,UnityEngine.Object,string,object[])
UnityEngine.Logger:Log (UnityEngine.LogType,object)
UnityEngine.Debug:Log (object)
LTW.UnityClient.Editor.VisualReviewCaptureRunner:WriteImmediateCapture (string,string,System.Nullable`1<int>,System.Nullable`1<int>) (at Assets/Editor/VisualReviewCaptureRunner.cs:1063)
LTW.UnityClient.Editor.VisualReviewCaptureRunner:QueueCapture (string) (at Assets/Editor/VisualReviewCaptureRunner.cs:986)
LTW.UnityClient.Editor.VisualReviewCaptureRunner:Update () (at Assets/Editor/VisualReviewCaptureRunner.cs:231)
UnityEditor.EditorApplication:Internal_CallUpdateFunctions ()

(Filename: Assets/Editor/VisualReviewCaptureRunner.cs Line: 1063)

Saved visual review capture C:\Voucher-Management\vouchermanagement\LTW\docs\screenshot-reviews\mobile-art-endpoint-sprite-promotion\mobile-art-endpoint-sprite-promotion\after\phone-standard-portrait\09-swarm-heavy-pressure.png
UnityEngine.Debug:ExtractStackTraceNoAlloc (byte*,int,string)
UnityEngine.StackTraceUtility:ExtractStackTrace ()
UnityEngine.DebugLogHandler:Internal_Log (UnityEngine.LogType,UnityEngine.LogOption,string,UnityEngine.Object)
UnityEngine.DebugLogHandler:LogFormat (UnityEngine.LogType,UnityEngine.Object,string,object[])
UnityEngine.Logger:Log (UnityEngine.LogType,object)
UnityEngine.Debug:Log (object)
LTW.UnityClient.Editor.VisualReviewCaptureRunner:WriteImmediateCapture (string,string,System.Nullable`1<int>,System.Nullable`1<int>) (at Assets/Editor/VisualReviewCaptureRunner.cs:1063)
LTW.UnityClient.Editor.VisualReviewCaptureRunner:QueueCapture (string) (at Assets/Editor/VisualReviewCaptureRunner.cs:986)
LTW.UnityClient.Editor.VisualReviewCaptureRunner:Update () (at Assets/Editor/VisualReviewCaptureRunner.cs:231)
UnityEditor.EditorApplication:Internal_CallUpdateFunctions ()

(Filename: Assets/Editor/VisualReviewCaptureRunner.cs Line: 1063)

Saved visual review capture C:\Voucher-Management\vouchermanagement\LTW\docs\screenshot-reviews\mobile-art-endpoint-sprite-promotion\mobile-art-endpoint-sprite-promotion\after\phone-tall-portrait\09-swarm-heavy-pressure.png
UnityEngine.Debug:ExtractStackTraceNoAlloc (byte*,int,string)
UnityEngine.StackTraceUtility:ExtractStackTrace ()
UnityEngine.DebugLogHandler:Internal_Log (UnityEngine.LogType,UnityEngine.LogOption,string,UnityEngine.Object)
UnityEngine.DebugLogHandler:LogFormat (UnityEngine.LogType,UnityEngine.Object,string,object[])
UnityEngine.Logger:Log (UnityEngine.LogType,object)
UnityEngine.Debug:Log (object)
LTW.UnityClient.Editor.VisualReviewCaptureRunner:WriteImmediateCapture (string,string,System.Nullable`1<int>,System.Nullable`1<int>) (at Assets/Editor/VisualReviewCaptureRunner.cs:1063)
LTW.UnityClient.Editor.VisualReviewCaptureRunner:QueueCapture (string) (at Assets/Editor/VisualReviewCaptureRunner.cs:986)
LTW.UnityClient.Editor.VisualReviewCaptureRunner:Update () (at Assets/Editor/VisualReviewCaptureRunner.cs:231)
UnityEditor.EditorApplication:Internal_CallUpdateFunctions ()

(Filename: Assets/Editor/VisualReviewCaptureRunner.cs Line: 1063)

Saved visual review capture C:\Voucher-Management\vouchermanagement\LTW\docs\screenshot-reviews\mobile-art-endpoint-sprite-promotion\mobile-art-endpoint-sprite-promotion\after\phone-safe-area-portrait\09-swarm-heavy-pressure.png
UnityEngine.Debug:ExtractStackTraceNoAlloc (byte*,int,string)
UnityEngine.StackTraceUtility:ExtractStackTrace ()
UnityEngine.DebugLogHandler:Internal_Log (UnityEngine.LogType,UnityEngine.LogOption,string,UnityEngine.Object)
UnityEngine.DebugLogHandler:LogFormat (UnityEngine.LogType,UnityEngine.Object,string,object[])
UnityEngine.Logger:Log (UnityEngine.LogType,object)
UnityEngine.Debug:Log (object)
LTW.UnityClient.Editor.VisualReviewCaptureRunner:WriteImmediateCapture (string,string,System.Nullable`1<int>,System.Nullable`1<int>) (at Assets/Editor/VisualReviewCaptureRunner.cs:1063)
LTW.UnityClient.Editor.VisualReviewCaptureRunner:QueueCapture (string) (at Assets/Editor/VisualReviewCaptureRunner.cs:986)
LTW.UnityClient.Editor.VisualReviewCaptureRunner:Update () (at Assets/Editor/VisualReviewCaptureRunner.cs:231)
UnityEditor.EditorApplication:Internal_CallUpdateFunctions ()

(Filename: Assets/Editor/VisualReviewCaptureRunner.cs Line: 1063)

Saved visual review capture C:\Voucher-Management\vouchermanagement\LTW\docs\screenshot-reviews\mobile-art-endpoint-sprite-promotion\mobile-art-endpoint-sprite-promotion\after\phone-small-portrait\10-heavy-pressure.png
UnityEngine.Debug:ExtractStackTraceNoAlloc (byte*,int,string)
UnityEngine.StackTraceUtility:ExtractStackTrace ()
UnityEngine.DebugLogHandler:Internal_Log (UnityEngine.LogType,UnityEngine.LogOption,string,UnityEngine.Object)
UnityEngine.DebugLogHandler:LogFormat (UnityEngine.LogType,UnityEngine.Object,string,object[])
UnityEngine.Logger:Log (UnityEngine.LogType,object)
UnityEngine.Debug:Log (object)
LTW.UnityClient.Editor.VisualReviewCaptureRunner:WriteImmediateCapture (string,string,System.Nullable`1<int>,System.Nullable`1<int>) (at Assets/Editor/VisualReviewCaptureRunner.cs:1063)
LTW.UnityClient.Editor.VisualReviewCaptureRunner:QueueCapture (string) (at Assets/Editor/VisualReviewCaptureRunner.cs:986)
LTW.UnityClient.Editor.VisualReviewCaptureRunner:Update () (at Assets/Editor/VisualReviewCaptureRunner.cs:231)
UnityEditor.EditorApplication:Internal_CallUpdateFunctions ()

(Filename: Assets/Editor/VisualReviewCaptureRunner.cs Line: 1063)

Saved visual review capture C:\Voucher-Management\vouchermanagement\LTW\docs\screenshot-reviews\mobile-art-endpoint-sprite-promotion\mobile-art-endpoint-sprite-promotion\after\phone-standard-portrait\10-heavy-pressure.png
UnityEngine.Debug:ExtractStackTraceNoAlloc (byte*,int,string)
UnityEngine.StackTraceUtility:ExtractStackTrace ()
UnityEngine.DebugLogHandler:Internal_Log (UnityEngine.LogType,UnityEngine.LogOption,string,UnityEngine.Object)
UnityEngine.DebugLogHandler:LogFormat (UnityEngine.LogType,UnityEngine.Object,string,object[])
UnityEngine.Logger:Log (UnityEngine.LogType,object)
UnityEngine.Debug:Log (object)
LTW.UnityClient.Editor.VisualReviewCaptureRunner:WriteImmediateCapture (string,string,System.Nullable`1<int>,System.Nullable`1<int>) (at Assets/Editor/VisualReviewCaptureRunner.cs:1063)
LTW.UnityClient.Editor.VisualReviewCaptureRunner:QueueCapture (string) (at Assets/Editor/VisualReviewCaptureRunner.cs:986)
LTW.UnityClient.Editor.VisualReviewCaptureRunner:Update () (at Assets/Editor/VisualReviewCaptureRunner.cs:231)
UnityEditor.EditorApplication:Internal_CallUpdateFunctions ()

(Filename: Assets/Editor/VisualReviewCaptureRunner.cs Line: 1063)

Saved visual review capture C:\Voucher-Management\vouchermanagement\LTW\docs\screenshot-reviews\mobile-art-endpoint-sprite-promotion\mobile-art-endpoint-sprite-promotion\after\phone-tall-portrait\10-heavy-pressure.png
UnityEngine.Debug:ExtractStackTraceNoAlloc (byte*,int,string)
UnityEngine.StackTraceUtility:ExtractStackTrace ()
UnityEngine.DebugLogHandler:Internal_Log (UnityEngine.LogType,UnityEngine.LogOption,string,UnityEngine.Object)
UnityEngine.DebugLogHandler:LogFormat (UnityEngine.LogType,UnityEngine.Object,string,object[])
UnityEngine.Logger:Log (UnityEngine.LogType,object)
UnityEngine.Debug:Log (object)
LTW.UnityClient.Editor.VisualReviewCaptureRunner:WriteImmediateCapture (string,string,System.Nullable`1<int>,System.Nullable`1<int>) (at Assets/Editor/VisualReviewCaptureRunner.cs:1063)
LTW.UnityClient.Editor.VisualReviewCaptureRunner:QueueCapture (string) (at Assets/Editor/VisualReviewCaptureRunner.cs:986)
LTW.UnityClient.Editor.VisualReviewCaptureRunner:Update () (at Assets/Editor/VisualReviewCaptureRunner.cs:231)
UnityEditor.EditorApplication:Internal_CallUpdateFunctions ()

(Filename: Assets/Editor/VisualReviewCaptureRunner.cs Line: 1063)

Saved visual review capture C:\Voucher-Management\vouchermanagement\LTW\docs\screenshot-reviews\mobile-art-endpoint-sprite-promotion\mobile-art-endpoint-sprite-promotion\after\phone-safe-area-portrait\10-heavy-pressure.png
UnityEngine.Debug:ExtractStackTraceNoAlloc (byte*,int,string)
UnityEngine.StackTraceUtility:ExtractStackTrace ()
UnityEngine.DebugLogHandler:Internal_Log (UnityEngine.LogType,UnityEngine.LogOption,string,UnityEngine.Object)
UnityEngine.DebugLogHandler:LogFormat (UnityEngine.LogType,UnityEngine.Object,string,object[])
UnityEngine.Logger:Log (UnityEngine.LogType,object)
UnityEngine.Debug:Log (object)
LTW.UnityClient.Editor.VisualReviewCaptureRunner:WriteImmediateCapture (string,string,System.Nullable`1<int>,System.Nullable`1<int>) (at Assets/Editor/VisualReviewCaptureRunner.cs:1063)
LTW.UnityClient.Editor.VisualReviewCaptureRunner:QueueCapture (string) (at Assets/Editor/VisualReviewCaptureRunner.cs:986)
LTW.UnityClient.Editor.VisualReviewCaptureRunner:Update () (at Assets/Editor/VisualReviewCaptureRunner.cs:231)
UnityEditor.EditorApplication:Internal_CallUpdateFunctions ()

(Filename: Assets/Editor/VisualReviewCaptureRunner.cs Line: 1063)

Saved visual review capture C:\Voucher-Management\vouchermanagement\LTW\docs\screenshot-reviews\mobile-art-endpoint-sprite-promotion\mobile-art-endpoint-sprite-promotion\after\phone-small-portrait\11-reduced-effects-heavy.png
UnityEngine.Debug:ExtractStackTraceNoAlloc (byte*,int,string)
UnityEngine.StackTraceUtility:ExtractStackTrace ()
UnityEngine.DebugLogHandler:Internal_Log (UnityEngine.LogType,UnityEngine.LogOption,string,UnityEngine.Object)
UnityEngine.DebugLogHandler:LogFormat (UnityEngine.LogType,UnityEngine.Object,string,object[])
UnityEngine.Logger:Log (UnityEngine.LogType,object)
UnityEngine.Debug:Log (object)
LTW.UnityClient.Editor.VisualReviewCaptureRunner:WriteImmediateCapture (string,string,System.Nullable`1<int>,System.Nullable`1<int>) (at Assets/Editor/VisualReviewCaptureRunner.cs:1063)
LTW.UnityClient.Editor.VisualReviewCaptureRunner:QueueCapture (string) (at Assets/Editor/VisualReviewCaptureRunner.cs:986)
LTW.UnityClient.Editor.VisualReviewCaptureRunner:Update () (at Assets/Editor/VisualReviewCaptureRunner.cs:231)
UnityEditor.EditorApplication:Internal_CallUpdateFunctions ()

(Filename: Assets/Editor/VisualReviewCaptureRunner.cs Line: 1063)

Saved visual review capture C:\Voucher-Management\vouchermanagement\LTW\docs\screenshot-reviews\mobile-art-endpoint-sprite-promotion\mobile-art-endpoint-sprite-promotion\after\phone-standard-portrait\11-reduced-effects-heavy.png
UnityEngine.Debug:ExtractStackTraceNoAlloc (byte*,int,string)
UnityEngine.StackTraceUtility:ExtractStackTrace ()
UnityEngine.DebugLogHandler:Internal_Log (UnityEngine.LogType,UnityEngine.LogOption,string,UnityEngine.Object)
UnityEngine.DebugLogHandler:LogFormat (UnityEngine.LogType,UnityEngine.Object,string,object[])
UnityEngine.Logger:Log (UnityEngine.LogType,object)
UnityEngine.Debug:Log (object)
LTW.UnityClient.Editor.VisualReviewCaptureRunner:WriteImmediateCapture (string,string,System.Nullable`1<int>,System.Nullable`1<int>) (at Assets/Editor/VisualReviewCaptureRunner.cs:1063)
LTW.UnityClient.Editor.VisualReviewCaptureRunner:QueueCapture (string) (at Assets/Editor/VisualReviewCaptureRunner.cs:986)
LTW.UnityClient.Editor.VisualReviewCaptureRunner:Update () (at Assets/Editor/VisualReviewCaptureRunner.cs:231)
UnityEditor.EditorApplication:Internal_CallUpdateFunctions ()

(Filename: Assets/Editor/VisualReviewCaptureRunner.cs Line: 1063)

Saved visual review capture C:\Voucher-Management\vouchermanagement\LTW\docs\screenshot-reviews\mobile-art-endpoint-sprite-promotion\mobile-art-endpoint-sprite-promotion\after\phone-tall-portrait\11-reduced-effects-heavy.png
UnityEngine.Debug:ExtractStackTraceNoAlloc (byte*,int,string)
UnityEngine.StackTraceUtility:ExtractStackTrace ()
UnityEngine.DebugLogHandler:Internal_Log (UnityEngine.LogType,UnityEngine.LogOption,string,UnityEngine.Object)
UnityEngine.DebugLogHandler:LogFormat (UnityEngine.LogType,UnityEngine.Object,string,object[])
UnityEngine.Logger:Log (UnityEngine.LogType,object)
UnityEngine.Debug:Log (object)
LTW.UnityClient.Editor.VisualReviewCaptureRunner:WriteImmediateCapture (string,string,System.Nullable`1<int>,System.Nullable`1<int>) (at Assets/Editor/VisualReviewCaptureRunner.cs:1063)
LTW.UnityClient.Editor.VisualReviewCaptureRunner:QueueCapture (string) (at Assets/Editor/VisualReviewCaptureRunner.cs:986)
LTW.UnityClient.Editor.VisualReviewCaptureRunner:Update () (at Assets/Editor/VisualReviewCaptureRunner.cs:231)
UnityEditor.EditorApplication:Internal_CallUpdateFunctions ()

(Filename: Assets/Editor/VisualReviewCaptureRunner.cs Line: 1063)

Saved visual review capture C:\Voucher-Management\vouchermanagement\LTW\docs\screenshot-reviews\mobile-art-endpoint-sprite-promotion\mobile-art-endpoint-sprite-promotion\after\phone-safe-area-portrait\11-reduced-effects-heavy.png
UnityEngine.Debug:ExtractStackTraceNoAlloc (byte*,int,string)
UnityEngine.StackTraceUtility:ExtractStackTrace ()
UnityEngine.DebugLogHandler:Internal_Log (UnityEngine.LogType,UnityEngine.LogOption,string,UnityEngine.Object)
UnityEngine.DebugLogHandler:LogFormat (UnityEngine.LogType,UnityEngine.Object,string,object[])
UnityEngine.Logger:Log (UnityEngine.LogType,object)
UnityEngine.Debug:Log (object)
LTW.UnityClient.Editor.VisualReviewCaptureRunner:WriteImmediateCapture (string,string,System.Nullable`1<int>,System.Nullable`1<int>) (at Assets/Editor/VisualReviewCaptureRunner.cs:1063)
LTW.UnityClient.Editor.VisualReviewCaptureRunner:QueueCapture (string) (at Assets/Editor/VisualReviewCaptureRunner.cs:986)
LTW.UnityClient.Editor.VisualReviewCaptureRunner:Update () (at Assets/Editor/VisualReviewCaptureRunner.cs:231)
UnityEditor.EditorApplication:Internal_CallUpdateFunctions ()

(Filename: Assets/Editor/VisualReviewCaptureRunner.cs Line: 1063)

LTW camera framing -> BoardOverview
UnityEngine.Debug:ExtractStackTraceNoAlloc (byte*,int,string)
UnityEngine.StackTraceUtility:ExtractStackTrace ()
UnityEngine.DebugLogHandler:Internal_Log (UnityEngine.LogType,UnityEngine.LogOption,string,UnityEngine.Object)
UnityEngine.DebugLogHandler:LogFormat (UnityEngine.LogType,UnityEngine.Object,string,object[])
UnityEngine.Logger:Log (UnityEngine.LogType,object)
UnityEngine.Debug:Log (object)
LTW.UnityClient.Simulation.UnityVerticalSliceRenderer:SetCameraFraming (LTW.UnityClient.Simulation.LaneCameraFraming) (at Assets/Scripts/Simulation/UnityVerticalSliceRenderer.cs:144)
LTW.UnityClient.Editor.VisualReviewCaptureRunner:SetRendererFraming (LTW.UnityClient.Simulation.LaneCameraFraming) (at Assets/Editor/VisualReviewCaptureRunner.cs:1680)
LTW.UnityClient.Editor.VisualReviewCaptureRunner:Update () (at Assets/Editor/VisualReviewCaptureRunner.cs:346)
UnityEditor.EditorApplication:Internal_CallUpdateFunctions ()

(Filename: Assets/Scripts/Simulation/UnityVerticalSliceRenderer.cs Line: 144)

Saved visual review capture C:\Voucher-Management\vouchermanagement\LTW\docs\screenshot-reviews\mobile-art-endpoint-sprite-promotion\mobile-art-endpoint-sprite-promotion\after\phone-small-portrait\12-board-overview.png
UnityEngine.Debug:ExtractStackTraceNoAlloc (byte*,int,string)
UnityEngine.StackTraceUtility:ExtractStackTrace ()
UnityEngine.DebugLogHandler:Internal_Log (UnityEngine.LogType,UnityEngine.LogOption,string,UnityEngine.Object)
UnityEngine.DebugLogHandler:LogFormat (UnityEngine.LogType,UnityEngine.Object,string,object[])
UnityEngine.Logger:Log (UnityEngine.LogType,object)
UnityEngine.Debug:Log (object)
LTW.UnityClient.Editor.VisualReviewCaptureRunner:WriteImmediateCapture (string,string,System.Nullable`1<int>,System.Nullable`1<int>) (at Assets/Editor/VisualReviewCaptureRunner.cs:1063)
LTW.UnityClient.Editor.VisualReviewCaptureRunner:QueueCapture (string) (at Assets/Editor/VisualReviewCaptureRunner.cs:986)
LTW.UnityClient.Editor.VisualReviewCaptureRunner:Update () (at Assets/Editor/VisualReviewCaptureRunner.cs:231)
UnityEditor.EditorApplication:Internal_CallUpdateFunctions ()

(Filename: Assets/Editor/VisualReviewCaptureRunner.cs Line: 1063)

Saved visual review capture C:\Voucher-Management\vouchermanagement\LTW\docs\screenshot-reviews\mobile-art-endpoint-sprite-promotion\mobile-art-endpoint-sprite-promotion\after\phone-standard-portrait\12-board-overview.png
UnityEngine.Debug:ExtractStackTraceNoAlloc (byte*,int,string)
UnityEngine.StackTraceUtility:ExtractStackTrace ()
UnityEngine.DebugLogHandler:Internal_Log (UnityEngine.LogType,UnityEngine.LogOption,string,UnityEngine.Object)
UnityEngine.DebugLogHandler:LogFormat (UnityEngine.LogType,UnityEngine.Object,string,object[])
UnityEngine.Logger:Log (UnityEngine.LogType,object)
UnityEngine.Debug:Log (object)
LTW.UnityClient.Editor.VisualReviewCaptureRunner:WriteImmediateCapture (string,string,System.Nullable`1<int>,System.Nullable`1<int>) (at Assets/Editor/VisualReviewCaptureRunner.cs:1063)
LTW.UnityClient.Editor.VisualReviewCaptureRunner:QueueCapture (string) (at Assets/Editor/VisualReviewCaptureRunner.cs:986)
LTW.UnityClient.Editor.VisualReviewCaptureRunner:Update () (at Assets/Editor/VisualReviewCaptureRunner.cs:231)
UnityEditor.EditorApplication:Internal_CallUpdateFunctions ()

(Filename: Assets/Editor/VisualReviewCaptureRunner.cs Line: 1063)

Saved visual review capture C:\Voucher-Management\vouchermanagement\LTW\docs\screenshot-reviews\mobile-art-endpoint-sprite-promotion\mobile-art-endpoint-sprite-promotion\after\phone-tall-portrait\12-board-overview.png
UnityEngine.Debug:ExtractStackTraceNoAlloc (byte*,int,string)
UnityEngine.StackTraceUtility:ExtractStackTrace ()
UnityEngine.DebugLogHandler:Internal_Log (UnityEngine.LogType,UnityEngine.LogOption,string,UnityEngine.Object)
UnityEngine.DebugLogHandler:LogFormat (UnityEngine.LogType,UnityEngine.Object,string,object[])
UnityEngine.Logger:Log (UnityEngine.LogType,object)
UnityEngine.Debug:Log (object)
LTW.UnityClient.Editor.VisualReviewCaptureRunner:WriteImmediateCapture (string,string,System.Nullable`1<int>,System.Nullable`1<int>) (at Assets/Editor/VisualReviewCaptureRunner.cs:1063)
LTW.UnityClient.Editor.VisualReviewCaptureRunner:QueueCapture (string) (at Assets/Editor/VisualReviewCaptureRunner.cs:986)
LTW.UnityClient.Editor.VisualReviewCaptureRunner:Update () (at Assets/Editor/VisualReviewCaptureRunner.cs:231)
UnityEditor.EditorApplication:Internal_CallUpdateFunctions ()

(Filename: Assets/Editor/VisualReviewCaptureRunner.cs Line: 1063)

Saved visual review capture C:\Voucher-Management\vouchermanagement\LTW\docs\screenshot-reviews\mobile-art-endpoint-sprite-promotion\mobile-art-endpoint-sprite-promotion\after\phone-safe-area-portrait\12-board-overview.png
UnityEngine.Debug:ExtractStackTraceNoAlloc (byte*,int,string)
UnityEngine.StackTraceUtility:ExtractStackTrace ()
UnityEngine.DebugLogHandler:Internal_Log (UnityEngine.LogType,UnityEngine.LogOption,string,UnityEngine.Object)
UnityEngine.DebugLogHandler:LogFormat (UnityEngine.LogType,UnityEngine.Object,string,object[])
UnityEngine.Logger:Log (UnityEngine.LogType,object)
UnityEngine.Debug:Log (object)
LTW.UnityClient.Editor.VisualReviewCaptureRunner:WriteImmediateCapture (string,string,System.Nullable`1<int>,System.Nullable`1<int>) (at Assets/Editor/VisualReviewCaptureRunner.cs:1063)
LTW.UnityClient.Editor.VisualReviewCaptureRunner:QueueCapture (string) (at Assets/Editor/VisualReviewCaptureRunner.cs:986)
LTW.UnityClient.Editor.VisualReviewCaptureRunner:Update () (at Assets/Editor/VisualReviewCaptureRunner.cs:231)
UnityEditor.EditorApplication:Internal_CallUpdateFunctions ()

(Filename: Assets/Editor/VisualReviewCaptureRunner.cs Line: 1063)

LTW camera framing -> SpawnGateFocus
UnityEngine.Debug:ExtractStackTraceNoAlloc (byte*,int,string)
UnityEngine.StackTraceUtility:ExtractStackTrace ()
UnityEngine.DebugLogHandler:Internal_Log (UnityEngine.LogType,UnityEngine.LogOption,string,UnityEngine.Object)
UnityEngine.DebugLogHandler:LogFormat (UnityEngine.LogType,UnityEngine.Object,string,object[])
UnityEngine.Logger:Log (UnityEngine.LogType,object)
UnityEngine.Debug:Log (object)
LTW.UnityClient.Simulation.UnityVerticalSliceRenderer:SetCameraFraming (LTW.UnityClient.Simulation.LaneCameraFraming) (at Assets/Scripts/Simulation/UnityVerticalSliceRenderer.cs:144)
LTW.UnityClient.Editor.VisualReviewCaptureRunner:SetRendererFraming (LTW.UnityClient.Simulation.LaneCameraFraming) (at Assets/Editor/VisualReviewCaptureRunner.cs:1680)
LTW.UnityClient.Editor.VisualReviewCaptureRunner:Update () (at Assets/Editor/VisualReviewCaptureRunner.cs:351)
UnityEditor.EditorApplication:Internal_CallUpdateFunctions ()

(Filename: Assets/Scripts/Simulation/UnityVerticalSliceRenderer.cs Line: 144)

Saved visual review capture C:\Voucher-Management\vouchermanagement\LTW\docs\screenshot-reviews\mobile-art-endpoint-sprite-promotion\mobile-art-endpoint-sprite-promotion\after\phone-small-portrait\13-spawn-gate-focus.png
UnityEngine.Debug:ExtractStackTraceNoAlloc (byte*,int,string)
UnityEngine.StackTraceUtility:ExtractStackTrace ()
UnityEngine.DebugLogHandler:Internal_Log (UnityEngine.LogType,UnityEngine.LogOption,string,UnityEngine.Object)
UnityEngine.DebugLogHandler:LogFormat (UnityEngine.LogType,UnityEngine.Object,string,object[])
UnityEngine.Logger:Log (UnityEngine.LogType,object)
UnityEngine.Debug:Log (object)
LTW.UnityClient.Editor.VisualReviewCaptureRunner:WriteImmediateCapture (string,string,System.Nullable`1<int>,System.Nullable`1<int>) (at Assets/Editor/VisualReviewCaptureRunner.cs:1063)
LTW.UnityClient.Editor.VisualReviewCaptureRunner:QueueCapture (string) (at Assets/Editor/VisualReviewCaptureRunner.cs:986)
LTW.UnityClient.Editor.VisualReviewCaptureRunner:Update () (at Assets/Editor/VisualReviewCaptureRunner.cs:231)
UnityEditor.EditorApplication:Internal_CallUpdateFunctions ()

(Filename: Assets/Editor/VisualReviewCaptureRunner.cs Line: 1063)

Saved visual review capture C:\Voucher-Management\vouchermanagement\LTW\docs\screenshot-reviews\mobile-art-endpoint-sprite-promotion\mobile-art-endpoint-sprite-promotion\after\phone-standard-portrait\13-spawn-gate-focus.png
UnityEngine.Debug:ExtractStackTraceNoAlloc (byte*,int,string)
UnityEngine.StackTraceUtility:ExtractStackTrace ()
UnityEngine.DebugLogHandler:Internal_Log (UnityEngine.LogType,UnityEngine.LogOption,string,UnityEngine.Object)
UnityEngine.DebugLogHandler:LogFormat (UnityEngine.LogType,UnityEngine.Object,string,object[])
UnityEngine.Logger:Log (UnityEngine.LogType,object)
UnityEngine.Debug:Log (object)
LTW.UnityClient.Editor.VisualReviewCaptureRunner:WriteImmediateCapture (string,string,System.Nullable`1<int>,System.Nullable`1<int>) (at Assets/Editor/VisualReviewCaptureRunner.cs:1063)
LTW.UnityClient.Editor.VisualReviewCaptureRunner:QueueCapture (string) (at Assets/Editor/VisualReviewCaptureRunner.cs:986)
LTW.UnityClient.Editor.VisualReviewCaptureRunner:Update () (at Assets/Editor/VisualReviewCaptureRunner.cs:231)
UnityEditor.EditorApplication:Internal_CallUpdateFunctions ()

(Filename: Assets/Editor/VisualReviewCaptureRunner.cs Line: 1063)

Saved visual review capture C:\Voucher-Management\vouchermanagement\LTW\docs\screenshot-reviews\mobile-art-endpoint-sprite-promotion\mobile-art-endpoint-sprite-promotion\after\phone-tall-portrait\13-spawn-gate-focus.png
UnityEngine.Debug:ExtractStackTraceNoAlloc (byte*,int,string)
UnityEngine.StackTraceUtility:ExtractStackTrace ()
UnityEngine.DebugLogHandler:Internal_Log (UnityEngine.LogType,UnityEngine.LogOption,string,UnityEngine.Object)
UnityEngine.DebugLogHandler:LogFormat (UnityEngine.LogType,UnityEngine.Object,string,object[])
UnityEngine.Logger:Log (UnityEngine.LogType,object)
UnityEngine.Debug:Log (object)
LTW.UnityClient.Editor.VisualReviewCaptureRunner:WriteImmediateCapture (string,string,System.Nullable`1<int>,System.Nullable`1<int>) (at Assets/Editor/VisualReviewCaptureRunner.cs:1063)
LTW.UnityClient.Editor.VisualReviewCaptureRunner:QueueCapture (string) (at Assets/Editor/VisualReviewCaptureRunner.cs:986)
LTW.UnityClient.Editor.VisualReviewCaptureRunner:Update () (at Assets/Editor/VisualReviewCaptureRunner.cs:231)
UnityEditor.EditorApplication:Internal_CallUpdateFunctions ()

(Filename: Assets/Editor/VisualReviewCaptureRunner.cs Line: 1063)

Saved visual review capture C:\Voucher-Management\vouchermanagement\LTW\docs\screenshot-reviews\mobile-art-endpoint-sprite-promotion\mobile-art-endpoint-sprite-promotion\after\phone-safe-area-portrait\13-spawn-gate-focus.png
UnityEngine.Debug:ExtractStackTraceNoAlloc (byte*,int,string)
UnityEngine.StackTraceUtility:ExtractStackTrace ()
UnityEngine.DebugLogHandler:Internal_Log (UnityEngine.LogType,UnityEngine.LogOption,string,UnityEngine.Object)
UnityEngine.DebugLogHandler:LogFormat (UnityEngine.LogType,UnityEngine.Object,string,object[])
UnityEngine.Logger:Log (UnityEngine.LogType,object)
UnityEngine.Debug:Log (object)
LTW.UnityClient.Editor.VisualReviewCaptureRunner:WriteImmediateCapture (string,string,System.Nullable`1<int>,System.Nullable`1<int>) (at Assets/Editor/VisualReviewCaptureRunner.cs:1063)
LTW.UnityClient.Editor.VisualReviewCaptureRunner:QueueCapture (string) (at Assets/Editor/VisualReviewCaptureRunner.cs:986)
LTW.UnityClient.Editor.VisualReviewCaptureRunner:Update () (at Assets/Editor/VisualReviewCaptureRunner.cs:231)
UnityEditor.EditorApplication:Internal_CallUpdateFunctions ()

(Filename: Assets/Editor/VisualReviewCaptureRunner.cs Line: 1063)

LTW camera framing -> LeakGateFocus
UnityEngine.Debug:ExtractStackTraceNoAlloc (byte*,int,string)
UnityEngine.StackTraceUtility:ExtractStackTrace ()
UnityEngine.DebugLogHandler:Internal_Log (UnityEngine.LogType,UnityEngine.LogOption,string,UnityEngine.Object)
UnityEngine.DebugLogHandler:LogFormat (UnityEngine.LogType,UnityEngine.Object,string,object[])
UnityEngine.Logger:Log (UnityEngine.LogType,object)
UnityEngine.Debug:Log (object)
LTW.UnityClient.Simulation.UnityVerticalSliceRenderer:SetCameraFraming (LTW.UnityClient.Simulation.LaneCameraFraming) (at Assets/Scripts/Simulation/UnityVerticalSliceRenderer.cs:144)
LTW.UnityClient.Editor.VisualReviewCaptureRunner:SetRendererFraming (LTW.UnityClient.Simulation.LaneCameraFraming) (at Assets/Editor/VisualReviewCaptureRunner.cs:1680)
LTW.UnityClient.Editor.VisualReviewCaptureRunner:Update () (at Assets/Editor/VisualReviewCaptureRunner.cs:356)
UnityEditor.EditorApplication:Internal_CallUpdateFunctions ()

(Filename: Assets/Scripts/Simulation/UnityVerticalSliceRenderer.cs Line: 144)

Saved visual review capture C:\Voucher-Management\vouchermanagement\LTW\docs\screenshot-reviews\mobile-art-endpoint-sprite-promotion\mobile-art-endpoint-sprite-promotion\after\phone-small-portrait\14-leak-gate-focus.png
UnityEngine.Debug:ExtractStackTraceNoAlloc (byte*,int,string)
UnityEngine.StackTraceUtility:ExtractStackTrace ()
UnityEngine.DebugLogHandler:Internal_Log (UnityEngine.LogType,UnityEngine.LogOption,string,UnityEngine.Object)
UnityEngine.DebugLogHandler:LogFormat (UnityEngine.LogType,UnityEngine.Object,string,object[])
UnityEngine.Logger:Log (UnityEngine.LogType,object)
UnityEngine.Debug:Log (object)
LTW.UnityClient.Editor.VisualReviewCaptureRunner:WriteImmediateCapture (string,string,System.Nullable`1<int>,System.Nullable`1<int>) (at Assets/Editor/VisualReviewCaptureRunner.cs:1063)
LTW.UnityClient.Editor.VisualReviewCaptureRunner:QueueCapture (string) (at Assets/Editor/VisualReviewCaptureRunner.cs:986)
LTW.UnityClient.Editor.VisualReviewCaptureRunner:Update () (at Assets/Editor/VisualReviewCaptureRunner.cs:231)
UnityEditor.EditorApplication:Internal_CallUpdateFunctions ()

(Filename: Assets/Editor/VisualReviewCaptureRunner.cs Line: 1063)

Saved visual review capture C:\Voucher-Management\vouchermanagement\LTW\docs\screenshot-reviews\mobile-art-endpoint-sprite-promotion\mobile-art-endpoint-sprite-promotion\after\phone-standard-portrait\14-leak-gate-focus.png
UnityEngine.Debug:ExtractStackTraceNoAlloc (byte*,int,string)
UnityEngine.StackTraceUtility:ExtractStackTrace ()
UnityEngine.DebugLogHandler:Internal_Log (UnityEngine.LogType,UnityEngine.LogOption,string,UnityEngine.Object)
UnityEngine.DebugLogHandler:LogFormat (UnityEngine.LogType,UnityEngine.Object,string,object[])
UnityEngine.Logger:Log (UnityEngine.LogType,object)
UnityEngine.Debug:Log (object)
LTW.UnityClient.Editor.VisualReviewCaptureRunner:WriteImmediateCapture (string,string,System.Nullable`1<int>,System.Nullable`1<int>) (at Assets/Editor/VisualReviewCaptureRunner.cs:1063)
LTW.UnityClient.Editor.VisualReviewCaptureRunner:QueueCapture (string) (at Assets/Editor/VisualReviewCaptureRunner.cs:986)
LTW.UnityClient.Editor.VisualReviewCaptureRunner:Update () (at Assets/Editor/VisualReviewCaptureRunner.cs:231)
UnityEditor.EditorApplication:Internal_CallUpdateFunctions ()

(Filename: Assets/Editor/VisualReviewCaptureRunner.cs Line: 1063)

Saved visual review capture C:\Voucher-Management\vouchermanagement\LTW\docs\screenshot-reviews\mobile-art-endpoint-sprite-promotion\mobile-art-endpoint-sprite-promotion\after\phone-tall-portrait\14-leak-gate-focus.png
UnityEngine.Debug:ExtractStackTraceNoAlloc (byte*,int,string)
UnityEngine.StackTraceUtility:ExtractStackTrace ()
UnityEngine.DebugLogHandler:Internal_Log (UnityEngine.LogType,UnityEngine.LogOption,string,UnityEngine.Object)
UnityEngine.DebugLogHandler:LogFormat (UnityEngine.LogType,UnityEngine.Object,string,object[])
UnityEngine.Logger:Log (UnityEngine.LogType,object)
UnityEngine.Debug:Log (object)
LTW.UnityClient.Editor.VisualReviewCaptureRunner:WriteImmediateCapture (string,string,System.Nullable`1<int>,System.Nullable`1<int>) (at Assets/Editor/VisualReviewCaptureRunner.cs:1063)
LTW.UnityClient.Editor.VisualReviewCaptureRunner:QueueCapture (string) (at Assets/Editor/VisualReviewCaptureRunner.cs:986)
LTW.UnityClient.Editor.VisualReviewCaptureRunner:Update () (at Assets/Editor/VisualReviewCaptureRunner.cs:231)
UnityEditor.EditorApplication:Internal_CallUpdateFunctions ()

(Filename: Assets/Editor/VisualReviewCaptureRunner.cs Line: 1063)

Saved visual review capture C:\Voucher-Management\vouchermanagement\LTW\docs\screenshot-reviews\mobile-art-endpoint-sprite-promotion\mobile-art-endpoint-sprite-promotion\after\phone-safe-area-portrait\14-leak-gate-focus.png
UnityEngine.Debug:ExtractStackTraceNoAlloc (byte*,int,string)
UnityEngine.StackTraceUtility:ExtractStackTrace ()
UnityEngine.DebugLogHandler:Internal_Log (UnityEngine.LogType,UnityEngine.LogOption,string,UnityEngine.Object)
UnityEngine.DebugLogHandler:LogFormat (UnityEngine.LogType,UnityEngine.Object,string,object[])
UnityEngine.Logger:Log (UnityEngine.LogType,object)
UnityEngine.Debug:Log (object)
LTW.UnityClient.Editor.VisualReviewCaptureRunner:WriteImmediateCapture (string,string,System.Nullable`1<int>,System.Nullable`1<int>) (at Assets/Editor/VisualReviewCaptureRunner.cs:1063)
LTW.UnityClient.Editor.VisualReviewCaptureRunner:QueueCapture (string) (at Assets/Editor/VisualReviewCaptureRunner.cs:986)
LTW.UnityClient.Editor.VisualReviewCaptureRunner:Update () (at Assets/Editor/VisualReviewCaptureRunner.cs:231)
UnityEditor.EditorApplication:Internal_CallUpdateFunctions ()

(Filename: Assets/Editor/VisualReviewCaptureRunner.cs Line: 1063)

LTW camera framing -> ActiveLane
UnityEngine.Debug:ExtractStackTraceNoAlloc (byte*,int,string)
UnityEngine.StackTraceUtility:ExtractStackTrace ()
UnityEngine.DebugLogHandler:Internal_Log (UnityEngine.LogType,UnityEngine.LogOption,string,UnityEngine.Object)
UnityEngine.DebugLogHandler:LogFormat (UnityEngine.LogType,UnityEngine.Object,string,object[])
UnityEngine.Logger:Log (UnityEngine.LogType,object)
UnityEngine.Debug:Log (object)
LTW.UnityClient.Simulation.UnityVerticalSliceRenderer:SetCameraFraming (LTW.UnityClient.Simulation.LaneCameraFraming) (at Assets/Scripts/Simulation/UnityVerticalSliceRenderer.cs:144)
LTW.UnityClient.Editor.VisualReviewCaptureRunner:SetRendererFraming (LTW.UnityClient.Simulation.LaneCameraFraming) (at Assets/Editor/VisualReviewCaptureRunner.cs:1680)
LTW.UnityClient.Editor.VisualReviewCaptureRunner:Update () (at Assets/Editor/VisualReviewCaptureRunner.cs:361)
UnityEditor.EditorApplication:Internal_CallUpdateFunctions ()

(Filename: Assets/Scripts/Simulation/UnityVerticalSliceRenderer.cs Line: 144)

Saved visual review capture C:\Voucher-Management\vouchermanagement\LTW\docs\screenshot-reviews\mobile-art-endpoint-sprite-promotion\mobile-art-endpoint-sprite-promotion\after\phone-small-portrait\15-results-or-late-match.png
UnityEngine.Debug:ExtractStackTraceNoAlloc (byte*,int,string)
UnityEngine.StackTraceUtility:ExtractStackTrace ()
UnityEngine.DebugLogHandler:Internal_Log (UnityEngine.LogType,UnityEngine.LogOption,string,UnityEngine.Object)
UnityEngine.DebugLogHandler:LogFormat (UnityEngine.LogType,UnityEngine.Object,string,object[])
UnityEngine.Logger:Log (UnityEngine.LogType,object)
UnityEngine.Debug:Log (object)
LTW.UnityClient.Editor.VisualReviewCaptureRunner:WriteImmediateCapture (string,string,System.Nullable`1<int>,System.Nullable`1<int>) (at Assets/Editor/VisualReviewCaptureRunner.cs:1063)
LTW.UnityClient.Editor.VisualReviewCaptureRunner:QueueCapture (string) (at Assets/Editor/VisualReviewCaptureRunner.cs:986)
LTW.UnityClient.Editor.VisualReviewCaptureRunner:Update () (at Assets/Editor/VisualReviewCaptureRunner.cs:369)
UnityEditor.EditorApplication:Internal_CallUpdateFunctions ()

(Filename: Assets/Editor/VisualReviewCaptureRunner.cs Line: 1063)

Saved visual review capture C:\Voucher-Management\vouchermanagement\LTW\docs\screenshot-reviews\mobile-art-endpoint-sprite-promotion\mobile-art-endpoint-sprite-promotion\after\phone-standard-portrait\15-results-or-late-match.png
UnityEngine.Debug:ExtractStackTraceNoAlloc (byte*,int,string)
UnityEngine.StackTraceUtility:ExtractStackTrace ()
UnityEngine.DebugLogHandler:Internal_Log (UnityEngine.LogType,UnityEngine.LogOption,string,UnityEngine.Object)
UnityEngine.DebugLogHandler:LogFormat (UnityEngine.LogType,UnityEngine.Object,string,object[])
UnityEngine.Logger:Log (UnityEngine.LogType,object)
UnityEngine.Debug:Log (object)
LTW.UnityClient.Editor.VisualReviewCaptureRunner:WriteImmediateCapture (string,string,System.Nullable`1<int>,System.Nullable`1<int>) (at Assets/Editor/VisualReviewCaptureRunner.cs:1063)
LTW.UnityClient.Editor.VisualReviewCaptureRunner:QueueCapture (string) (at Assets/Editor/VisualReviewCaptureRunner.cs:986)
LTW.UnityClient.Editor.VisualReviewCaptureRunner:Update () (at Assets/Editor/VisualReviewCaptureRunner.cs:369)
UnityEditor.EditorApplication:Internal_CallUpdateFunctions ()

(Filename: Assets/Editor/VisualReviewCaptureRunner.cs Line: 1063)

Saved visual review capture C:\Voucher-Management\vouchermanagement\LTW\docs\screenshot-reviews\mobile-art-endpoint-sprite-promotion\mobile-art-endpoint-sprite-promotion\after\phone-tall-portrait\15-results-or-late-match.png
UnityEngine.Debug:ExtractStackTraceNoAlloc (byte*,int,string)
UnityEngine.StackTraceUtility:ExtractStackTrace ()
UnityEngine.DebugLogHandler:Internal_Log (UnityEngine.LogType,UnityEngine.LogOption,string,UnityEngine.Object)
UnityEngine.DebugLogHandler:LogFormat (UnityEngine.LogType,UnityEngine.Object,string,object[])
UnityEngine.Logger:Log (UnityEngine.LogType,object)
UnityEngine.Debug:Log (object)
LTW.UnityClient.Editor.VisualReviewCaptureRunner:WriteImmediateCapture (string,string,System.Nullable`1<int>,System.Nullable`1<int>) (at Assets/Editor/VisualReviewCaptureRunner.cs:1063)
LTW.UnityClient.Editor.VisualReviewCaptureRunner:QueueCapture (string) (at Assets/Editor/VisualReviewCaptureRunner.cs:986)
LTW.UnityClient.Editor.VisualReviewCaptureRunner:Update () (at Assets/Editor/VisualReviewCaptureRunner.cs:369)
UnityEditor.EditorApplication:Internal_CallUpdateFunctions ()

(Filename: Assets/Editor/VisualReviewCaptureRunner.cs Line: 1063)

Saved visual review capture C:\Voucher-Management\vouchermanagement\LTW\docs\screenshot-reviews\mobile-art-endpoint-sprite-promotion\mobile-art-endpoint-sprite-promotion\after\phone-safe-area-portrait\15-results-or-late-match.png
UnityEngine.Debug:ExtractStackTraceNoAlloc (byte*,int,string)
UnityEngine.StackTraceUtility:ExtractStackTrace ()
UnityEngine.DebugLogHandler:Internal_Log (UnityEngine.LogType,UnityEngine.LogOption,string,UnityEngine.Object)
UnityEngine.DebugLogHandler:LogFormat (UnityEngine.LogType,UnityEngine.Object,string,object[])
UnityEngine.Logger:Log (UnityEngine.LogType,object)
UnityEngine.Debug:Log (object)
LTW.UnityClient.Editor.VisualReviewCaptureRunner:WriteImmediateCapture (string,string,System.Nullable`1<int>,System.Nullable`1<int>) (at Assets/Editor/VisualReviewCaptureRunner.cs:1063)
LTW.UnityClient.Editor.VisualReviewCaptureRunner:QueueCapture (string) (at Assets/Editor/VisualReviewCaptureRunner.cs:986)
LTW.UnityClient.Editor.VisualReviewCaptureRunner:Update () (at Assets/Editor/VisualReviewCaptureRunner.cs:369)
UnityEditor.EditorApplication:Internal_CallUpdateFunctions ()

(Filename: Assets/Editor/VisualReviewCaptureRunner.cs Line: 1063)

LTW visual review screenshots captured in C:\Voucher-Management\vouchermanagement\LTW\docs\screenshot-reviews\mobile-art-endpoint-sprite-promotion\mobile-art-endpoint-sprite-promotion\after\phone-small-portrait
UnityEngine.Debug:ExtractStackTraceNoAlloc (byte*,int,string)
UnityEngine.StackTraceUtility:ExtractStackTrace ()
UnityEngine.DebugLogHandler:Internal_Log (UnityEngine.LogType,UnityEngine.LogOption,string,UnityEngine.Object)
UnityEngine.DebugLogHandler:LogFormat (UnityEngine.LogType,UnityEngine.Object,string,object[])
UnityEngine.Logger:Log (UnityEngine.LogType,object)
UnityEngine.Debug:Log (object)
LTW.UnityClient.Editor.VisualReviewCaptureRunner:Finish (string) (at Assets/Editor/VisualReviewCaptureRunner.cs:1726)
LTW.UnityClient.Editor.VisualReviewCaptureRunner:Update () (at Assets/Editor/VisualReviewCaptureRunner.cs:373)
UnityEditor.EditorApplication:Internal_CallUpdateFunctions ()

(Filename: Assets/Editor/VisualReviewCaptureRunner.cs Line: 1726)

MonoPathRemapper: Attempts to remap: 6975; Successful remaps: 986
Serialized file version minimum: 23, current 23
[Physics::Module] Cleanup current backend.
[Physics::Module] Id: 0xf2b8ea05
Input System module state changed to: ShutdownInProgress.
Input Polling Thread exited.
Input System module state changed to: Shutdown.
[Licensing::IpcConnector] LicenseClient-engch-notifications channel disconnected successfully.
[Licensing::IpcConnector] LicenseClient-engch channel disconnected successfully.
AcceleratorClientConnectionCallback - disconnected - :0
Cleanup mono
CodeReloadManager destroyed
Checking for leaked weakptr:
  Found no leaked weakptrs.
[Package Manager] Server process was shutdown
##utp:{"type":"MemoryLeaks","version":2,"phase":"Immediate","time":1784315875676,"processId":14048,"allocatedMemory":12362079,"memoryLabels":[{"Default":283799},{"Permanent":15516},{"NewDelete":66659},{"Thread":4205176},{"Manager":31045},{"VertexData":8},{"Geometry":816},{"Texture":24},{"Shader":833490},{"Material":24},{"GfxDevice":57896},{"Animation":952},{"Audio":80},{"FreeType":8},{"FontEngine":736},{"Physics":2146},{"Physics2D":16},{"Serialization":1016},{"Input":42840},{"JobScheduler":256},{"TextLib":280},{"Mono":48},{"ScriptingNativeRuntime":674964},{"BaseObject":1623424},{"Resource":1208},{"Renderer":3080},{"Transform":4685},{"File":4013},{"WebCam":616},{"Culling":32},{"Terrain":11442},{"Wind":24},{"STL":40},{"String":18290},{"StaticString":3808},{"Utility":2672694},{"Curl":2559},{"PoolAlloc":2168},{"AI":80},{"TypeTree":17165},{"CodeReload":448},{"RuntimeInitializeOnLoadManager":64},{"Sprites":102},{"SpriteAtlas":120},{"GI":7816},{"Director":8296},{"CloudService":8968},{"WebRequest":552},{"VR":47114},{"SceneManager":608},{"Video":208},{"LazyScriptCache":32},{"Camera":17},{"Secure":2377},{"SerializationCache":1576},{"APIUpdating":10320},{"Subsystems":336},{"VirtualTexturing":57888},{"StaticSafetyDebugInfo":278528},{"Analytics":552},{"Hierarchy":1176},{"UIElements":72},{"CoreStats":13688},{"Identifiers":6768},{"Gui":128},{"EditorUtility":488079},{"VersionControl":8},{"Undo":931},{"AssetDatabase":785746},{"AssetImporter":40},{"EditorGi":328},{"UnityConnect":38929},{"Upm":1912},{"UpmDiagnostics":8},{"AssetCompliance":64},{"DrivenProperties":72},{"LocalIPC":211},{"ProfilerEditor":9746},{"CoreBusinessMetrics":3480},{"Windowing":456},{"Licensing":1232},{"AssetReference":32},{"IPCStream":32}]}
